/*
Navicat MySQL Data Transfer

Source Server         : localhost
Source Server Version : 50714
Source Host           : localhost:3306
Source Database       : zcw

Target Server Type    : MYSQL
Target Server Version : 50714
File Encoding         : 65001

Date: 2018-06-05 15:20:53
*/

SET FOREIGN_KEY_CHECKS=0;

-- ----------------------------
-- Table structure for data_ads
-- ----------------------------
DROP TABLE IF EXISTS `data_ads`;
CREATE TABLE `data_ads` (
  `id` int(11) NOT NULL AUTO_INCREMENT,
  `position_id` int(11) DEFAULT '0' COMMENT '广告位置id',
  `vimg` text,
  `links` varchar(1024) DEFAULT NULL COMMENT '连接地址',
  `status` tinyint(11) DEFAULT '0' COMMENT '状态 0：禁用 1：启用',
  `created` timestamp NULL DEFAULT NULL,
  `updated` timestamp NULL DEFAULT NULL ON UPDATE CURRENT_TIMESTAMP,
  PRIMARY KEY (`id`)
) ENGINE=InnoDB AUTO_INCREMENT=63 DEFAULT CHARSET=utf8 COMMENT='广告';

-- ----------------------------
-- Records of data_ads
-- ----------------------------
INSERT INTO `data_ads` VALUES ('61', '53', 'http://localhost/zcw/assets/uploads/imgs/20180319/5aafcb71d3bda.jpg', '#hansdn', '1', '2018-03-19 22:13:52', '2018-03-19 22:38:41');
INSERT INTO `data_ads` VALUES ('62', '54', 'http://localhost/zcw/assets/uploads/imgs/20180319/5aafcb635c275.png', 'http://www.baidu.com', '1', '2018-03-19 22:22:58', '2018-03-19 22:38:27');

-- ----------------------------
-- Table structure for data_article
-- ----------------------------
DROP TABLE IF EXISTS `data_article`;
CREATE TABLE `data_article` (
  `id` int(11) NOT NULL AUTO_INCREMENT,
  `title` varchar(255) DEFAULT NULL COMMENT '标题',
  `vimg` text COMMENT '主图',
  `summary` varchar(255) DEFAULT NULL COMMENT '简介',
  `content` mediumtext COMMENT '内容',
  `category_id` int(11) DEFAULT NULL COMMENT '分类id',
  `public_date` date DEFAULT NULL COMMENT '发布时间',
  `nums` int(11) DEFAULT '0' COMMENT '阅读量',
  `is_hot` tinyint(4) DEFAULT '1' COMMENT '是否是热门  1：否  2：是',
  `is_recommand` tinyint(4) DEFAULT '1' COMMENT '是否是推荐  1：否  2：是',
  `clicknum` bigint(20) DEFAULT '0' COMMENT '阅读量',
  `des` text COMMENT '描述',
  `keywords` varchar(255) DEFAULT NULL COMMENT '关键词',
  `status` tinyint(4) DEFAULT '1' COMMENT '状态 1：可用 2：停用 9：删除',
  `rank` int(255) DEFAULT '0' COMMENT '排序，越大，越靠前',
  `created` timestamp NULL DEFAULT NULL,
  `updated` timestamp NULL DEFAULT NULL ON UPDATE CURRENT_TIMESTAMP,
  PRIMARY KEY (`id`)
) ENGINE=InnoDB AUTO_INCREMENT=35 DEFAULT CHARSET=utf8 COMMENT='文章';

-- ----------------------------
-- Records of data_article
-- ----------------------------
INSERT INTO `data_article` VALUES ('28', '中国钢铁行业无惧美国关税', 'data:image/jpeg;base64,/9j/4AAQSkZJRgABAQAAAQABAAD/2wBDAAMCAgICAgMCAgIDAwMDBAYEBAQEBAgGBgUGCQgKCgkICQkKDA8MCgsOCwkJDRENDg8QEBEQCgwSExIQEw8QEBD/2wBDAQMDAwQDBAgEBAgQCwkLEBAQEBAQEBAQEBAQEBAQEBAQEBAQEBAQEBAQEBAQEBAQEBAQEBAQEBAQEBAQEBAQEBD/wAARCAH+A1gDASIAAhEBAxEB/8QAHgABAQEAAgMBAQEAAAAAAAAAAAECCAkDBgcFCgT/xABIEAACAgADBgMFBgQEBAUDBQEAAQIRAwQhBQYHEjFBCFFhCSJxgbETMkJykaEUUmLBI5LR8BUWM+EXQ2OC8SRTwjZUc4OEov/EABkBAQEBAQEBAAAAAAAAAAAAAAABAgMEBf/EADURAQEAAgIBAgIJBAECBwAAAAABAhEhMUEDElFhBBMiQnGBocHRMpGx4fBSwgUUIzNicqL/2gAMAwEAAhEDEQA/AO0tqglZpqwlQbZaaEXXUsiJWa2LzIqdmWqKnQFBOZFTsa2AAJoAAQAAAAAAADYAAAAAAACXapWVKiJ0XmQTY1YSoqdgAA3QTsIAAARqygCJUUAAAAAAAEasoAiVCRSSAidF69DJU6AvTqOZEbsga+at2TvQC6oKqdNo0nZmrbfkVaK33CKAnYCUAAQAAAAAAAAAAEkZNNWTlYXfCxEglQkDtkACKAA1qKAAgAAgDtQADtQAAAAAAAAAAAeo9S8g1ZOVlDdE6BKgE7BrfAABujKU7UO1BOwGelTqyVSYHag1vgXRAdqASdgummPUkuzDS3bbJIREgIAAAAA0CcyHMiyCtWEqCdgugasnKygnJtOVlSoAdQAAXYAAcAADIAAAAAAAAAAAAAipWOVhOjSdhLESordAkgh16BKhEoNgAAAAAAAAAAAAAAABGrKAMtUQ01ZGqCxAAFCpW7IaiDo6XfcjdpLyK1ZGqBFiUkSt0EoAnYCAAAAAAAAAAAN0TmQasjVBV5kOvQyVOgaGqIVuyFigALwoACeQAA6AAEAAAAAEAAFAAA7UO1AFlANWAKCVBug3Rlu+hZ0NJ2GrJH/epW6M0EqATsBmgDdBO/1oL4O9DvQbp35NoJ22wn4Hag1aSHqG61Cp06huyN30H++oUAAAAAErDVBOk2w3atFgqdEk76BKw1RQTpNs0natGatNIq91UyigJ2CaAAEsAAEAAAAAAAAAAAAAABUrDVBEKnRABtOySInQbsJpYlMp0XmQTSgJ2AAAAAAAAAAAAAAAAABJFI1YGQVqiBqBU6IAVrmRG7IAkjUQ1ZE6NJ2DyiVFACAAAAAAAAAAAEasoAy1RDUjIagAAoABAABrQADvRNcgB3oEoAAoAAiAAAAAKAAsAACg1Znlfp81ZoCUSKa618lQkm+lfNWUCiRTXWvkqKARKjC7fFMrdef6hPvr+oIklflq29VYSceta+SotXQlrS8gaLtNGZtJa9lZpKjGK9Gv6X9UFGtWtNHWqsfp8lRVrKaXaX9kXlYRAGqAUAABxbVCqSTLzIPU0ERILTuhIeRE6TbDdq0KtNIVSSZRYlboidDr0IKnYCVAAACcAACAAAAboFVdwInYK67EAAACp0Xr0MmohL8U5WGqNEasJtkFaogPIAVKwqxKRKihmgAAAAA3QTsjVhKgKAAAAAAAAAAI1ZOVmgFlZaohpozdhoKlZCp0EOVl6dRzIjdhOWk7BIlBYAAIAAAAADdBOyNWEqCqAAiSMmpGQ1AABTvQ70O9jvZYAANAO9gAO9gAzQABAAAAAAAAAABYAAFFqyXYtLr3InVkgoboJ2GrFBOwEqASqq7h1Toneg+6BBdmO9jtQChjEi5dPJr6Gw1YGYr3pv8Amd/saCVACSIWRAAAAEd1aL3r1oj8vVI1vhfGz3mrsK+5UnVV0bQ17oRNKnQ69CFToocrKlROZXQ5ldEFATseo8AB6gyDdBOyqu4ddhsQADQAAAAADdBOyqu4ddgIVOiAqNcyKnZgqdENLIyVuwlYEKnQ5WGqCtJ2DKdGk7CWAACAACAAAAAAAAAAAN0TmQasjVBWk7DdEiJBEk7qhoErDVBqIACqFSshqJEolRQAmwABAAAAAAAABugnZJCIWQkZNNWRqgqAAvCgAAN0E7DVhKigAB2AHqPUzQAAQAAUAAAAAAA3QABOwUGm+nYyatLr3M9bYgsSki7spbAboJ2GrCVGUO9jvYDdV6ugAJzK69aKnba8goG6HqSXb1AqdgynTaLzIBIhW7IAAAEXn/U2Wrd+qZFoqZU6TbNeDY1Tpq7bYS1aSqg3dMJ02/MeF2NUCt2RKwglbT8hyu2zSVAAlQ7UAA7UACaAAE0AALsAAQAAAAAAN0VKxVdQm0Tt0O9F0tNCrbYVCp0GqIUbTsjVkTovMiJdpysqVFTsBNgAAAAIAAAAAADdBOwoAAgSRSNWAiJDp1I3YXyJ0G7IVKwvlCpWGqCdBRqixI3ZYhKoADIAAAAAAAAAAJIidFkZDUbTskiJ0G7CoAC8AACg3ROZCRErGhpOwEqA6DtQ7UASgACJoAAUAAAAAA1YBYCVBugGrLaI3YXRjlY6JqrskCK5U2+5eqsy05RpafEsU0tWWi+o9R2odqMgGrr0aYHqBnld36tlSpt+ZW61CdgO1EfWKKRq2n5ARK5MvKwlTb8ygZarq0PmJxTqyJJOl3AoHegBPxPp8lQeqod7/mr9xf1o0uoLRUUAJQsSBOvP9QNAnMvX9Sp2ADV+X6AD5BVeX6DvQHewHegO9j9f1HYAfr+oJoAAQAAAAHegKnQbsnegVNKlZenUidF69CJ0dehGqL06kbsKhUrIVOgVUqKE7AZAAAAAAAAAABGrCVFAAAN0AATsARqyNUaJINRkqdE9R6gVuwlZCp0AaosSN2WIVW6CdkasJUEsUABkAAAAN0AATsASRk01ZGqDUiAAKAFqxBALsGgab6diXy3ZpOrMuLaZQ5k1ZU7M1Wno2WPWvRMgrdE5kVqycrAqdgJUDIAAAAADdBOw1YSovABulbBJ6qiBzJqyp2YtJJNmotO6ZrUFJJdNWikk0qtk6okdOrbNJ2ePnjdLU2tFb7iit0E7MyelliwijtQi+ZtJdBdkBq0kEqDdE5kFaSsNUZu+guuoFboJ2RuxEBIz3TNSIBO7YKAH8vpX7EfX4ybLRO6ZrSzirfbyBO7YbSTb7KwlUDu15Oh2KJdmomUqs1EgoBUrHzEBWqITugAB5BulbCdq0SStUgvdVMoo+TFo8eJixjV0rdW58va/7CwaliKLScZa6KlZ/iz23dl7Ox8rlc3mowxc5ifY4EL1nPX3Uu/3Zeir4Hz3j7x63E8P+4Wb3635zywsLAThl8rDGX2ubxqbWDH4qMn8Is49+CD/AMReP+3dr+LjijjZrK4O2sLF2Xufsf8AiLymS2d9o/tcaGGr/wASWLCUeZ68qfmX2am6ejv1M8uPs4zeV+Hwnztt6nUlvhzThiRxHKKTTi6drv8A7+prvZ48G0pW110S7Kuh5DCQfdj1Hah2ovhQqdEFruxpFbshaIQAVKxysHQnReZEaoJWDW2k7DdESoNWGaqdgiVFABugRqwKnYIlRQoAAgRqygG0SooboJ2AI1ZQ3QGWqVE7UVuyFjQABVCp0QERtOw3RlOi9egPCp2CdOpU7DIA3QTsKEkUkgQiUynReZAqkkVOySBKyAA0FTqyAs7BKrAbonMjQobpWwnZJ6qgJd6+jRY9b9EjK6V5Js1H6pMgt0WqMvsVyToeAATsGQA70O9AAAABHJKtHqW0AJIqdkkBNe0q+QTa6u/kB0VmoLzIjbfR18glatBqieRKb6u/kXUAuhHqqGqquxaD0VmaNJpW66mVJWwnpfmRKrLrgVu2kO9E/Eh+JkGk6DdkSsP3eoAqdGU7KBW7IS6I8RLzYNNAzGSl0TAFTspEqdeY70bas+CmZJtNLumjXehQZ0d2/N3+wFBKyAWPdkappeZV3Q8Gl9Q77C6SQTsngFfcAFkAN0G6I3Y0HMg3ZDE8RQcY8spOWioElq4mLDCi5TuknJtK6S6vzPm/HbjhuLwF3FzW/W/20sPJ5XCawsPAnNc+ZxJJv7KMVbbcYyemirqfpcW+LW4/BvcjaHEPf3a0dn7J2TD7Wc5Nqc305YRXvSm05JQS5nTdaWdCPiz8V2+nil37xNt7XliZDYOTlWytjLHeJDLxejbl+Kbtu+ydGpqfaycfVuWUuHpXWXx+H/PHze2718SuJ3tBfEvsHY22M3m8DJ7Vz+BkclksOEsXA2blpSp4ziqWnNrJ+Z3qcP8AdPZm4m6uzd0diZHByeR2TlMLK4ODgRSjBRWsUkklq2+/U66/Y9+HPD2fu/tTxFbw5fMQze1+fZexlNp4eJk44n+Ni+bk8XD5bdV9np1OzTAwpYbfKoapLRvtdKvhWpmX3W5/F9H1cP8Ayn0fD6Jj/wDbL47s4n9rbfMuVjyxk+7b+RpOyVJ9aKlQ1t5AAE0HyZHFS6pqjVtdKFt9aGw07EAFFTovMjIIit2E6IVKwLzIcyJysNUDirzIqdmCp0DWmgE7AZA3QI1YVU7BOnUqdhNAAAjVjp1KSQaip2RqyJ0aTsGtM8rDVGm6Mt2CbQABVSsNUE6DdgErL06kToN2EXr0CVCJW6DNRqwlQ5kVOwBGrKAMtUQ1IyCNREhENWF6rIK1RCxoABfmDVmWqNEkSUIiQToN2aE7tf0sJ00v6UTvfo0O6fwiBpuyDz9HQAJ0m2aTtWjD+6yxdRM0a72G6dhOySIHMip2ZKnQFaVGIqTbNNpo8cm493r5AeT7vVBuzEJc16v5mgBHqqD0JGSlddjUGoulTK9fkQWkviPIl30RdfJmHKn1avyL/wC9lFd1fQK9G+gadfebvzI5KKSZmi935F6KzLmlV3qXqizoPJ/3F6/H1HZLT5qyPt0+SozRtafMziSVX5JscyoxiO4y/K/qga8tJ1Ll/q5fnVhTTSeuqszKSjNt9sS/2JB6JeSS+oG3T62ZUYqyt0RyVpU9dP2b/sG/utJpdAYeJFPlbp61bSvWtL6gMPIuzH4rC7IvejbUqd2w3RQqumRNonZpOiVbpdg1RUo3bT8ix6tkEWtQbWQToN2QgvMhzIgArdkBjEfKrSv08yrJCeIoK+r7RTVv0Vnru/O++6u4m62f303t2xg7O2PsnLzzOazGLKksPlt/G1263XkfqbV2hk9l5PFz208zhZbL5eLxMTExsRQw4qK5m5TekUlG79DpE9oV44s/4gN7M1w83B2lix4e7JzMeTEhiOMtq48YvmxpqlUU8SUFHVNYcHflqSa3XL1s7jrDDm39J8Xz/wAaPjJ3r8Uu/ksfAxsfZ+52ycxz7E2YsSXutJpY+Lf3sVqUlbWidI+IcP8Ac3bHEbfjYe427WUlmdo7bzuDkMtgxajKc5ypVb08/wBT12T+1m5OestW5d2+rOwr2P3AZb4cTducZdubLwM1svdTBjktnzxFcsLaWI4zWLG+nJhxlqndzXqzlb7uHr/8P9HC+rLn/TjzfnJzr87xPxdrPBfh7sXhVw22DuDu7koZTIbGyeHl8PDglV1zT+Lc5yk/WTPe4yvvdeh/ny+GoSm+RxVJRXlHWtPi2f6FXY1fk55+pl62V9TPu22/nVboJ2GrCVCMAAFAAGdIAAAAABqJkqdAvTRJFTsjVhIyVKw1RYhbTp1KnZJCIZ0oAB0kiJ0VqycrC72vMip2ZaosQt6UkikasJGSp0GqIFVuyAF4AADSgAGuAABBqIkIhqwz5ZKnQaoJWBpOwTp1KnYNcJIyakZCyKnReZGQDSt2QAAA3QTs0oSRW6Vsy2nVdxogCPS/QvVWVb2Dy/MgPL0aYPB3a/qY70Tvfq2O7YPA9VQWiooImlTodehCp0ToRqgJNaAgEaT6lAESS6FA70BH0JGLi3bWonfRGJN3oai6mnktD73TsYSa6tGotJO+5USl3IrT1EpJetk50+iA8nNpomYxLbVRY5l6r9DMlzVTZK17dzbWsq0qvM2mkup44pq+vzL8fgIsx+JiPRNEtp1IN09ISdXol8P9THO+XmxIuFOnzUuq8+g0usXlJP7stfwv6o/z5naGSycHPM5iMIpN2+jry8+p8m4keLbw98Kvt8HfXiZsfI5rCwsaayUsdfb4rhFScYxbVt6JerROG56WWU3Jw+wSTnNqKbub6dtEZjJQ+86uPNqdbvFn2y3DfZeBmMpwp3A2rtnP4WZnhrE2ph4eBlJwi+XmUsPFlJ3Vr3eldDidxR9qf4mt/wCM8tsDaGz90cpOHJ9js/LYeM6vT3saEnpr0rrrelS/Ji4Y437WX9uXeBt3erYG7mUx89tvaeDk8vlYueNi4txjhxSttvsqt/JnG/in7SHws8Msh/ErfrC3kzUceOA8nsL7LNY0JO+bmTnFQUaadta9LOjffXi3xH4iZ/E2lvlvhtHaeYxVJTc8RQjJSVNcsEo6rToep88nrzO101C/W4Y8Yzf4uzXid7ZvbGZxp5LhZw4eHlJYcYxzO1MZYeLGS7qEHOLTt9X5A6yq5l95X6gaZ+vznWp+Uf1O90x3bL3a8nQNsI2km32Vl/F8HRmUVKLXmqNUk3Xd2ATp35tIrd/J0Ty9GmPP1bYDsRKrL5erod69aIAI9L9C9VZTQAARG6PDjYyw54XuSlzN0kr7f7d+nnSe8WahTcW13rsvM4G+0y8amR4O7nY3B7cPablvnvBl5Qzc8GST2blJw+9zJtxxXzRcVy9LlzJxSdmO+2fVzmGPxvifF8K9qB45cLbuLmvDrwp2zh4+zsHlhvFtLK4ilDMN4aby0JxbUoP7RqfRqWG40dZuJic6WrbXmlp0/b0PLnc5i57GePj42Ji4s254k8R3KU5O5Nt23bbfXu3pZ/nM5Ze5zww9vN7vbyYGHLFxFhwTc5NRjFd2+iP6FPAtwblwW8Oe6+7Gc2bl8ttPHy6zm0nHCSljY2JKUuab7yUZRj8Io6W/BRwhnxo8SG5+6eZ2Lj7S2RhZ/Dze144UW1h5SDXNOT7K3FfFn9EGz8GOWyuFloYP2UcLDhFRS00VaemhMbzX0sb9V9G15zv/AOcf5y/w/wBUHKql2enwNp0YToqdmnluOumuZIvUzTfTsaWiJWQACAAG6AAJ2CaAAEAABFTovMjIBprr0HTqROg3YNDdhOiADXMip2YKnQLGgE7AZ6SRE6LIyF7a5kOZGQF0rdkACgAAAAvyAAF6AAE8bFTovMjIIit2E6IAnyVuwnRAF0rdkAAAB16fpYUDdBV6fpRJAG7CdEBqBJ2qROlehSPo/wBSrO0ck79Wip6V5Mwqb0fdMsZJX17voGrJ209Bad+hLUrS8k9URaX6gnLV6WDLapL6qyxrXp+lAs4aI2l8xa8yS1aBIvUpF0L3oz5ZvaNXQlJJKyKakrVhtMWLJtbVWRTT89DKdJ2+pFo3119GIlnOo3zLyY5laZnm8r/RhOK7v9BV9vG2m7dmXKK6oXa91nilLlfvd/JFhr7O3ki7s04qXXseOEo9mrfa6+pvnjqk76XXbUMsS5U0lZGkurX6WSWJhxTlKUaur5lS6/p0Pydsb37t7vZWWd21tnL5XAireJiSahFebklRY1jjben69qKcnolWvLXeg5LmUddU2n20epxl4j+0T8LfDrDzSx+IuT2xn8pzRlkNm82Lj8ylHTXlhrf83Y4i8WPbPzxpLL8GeGuYjhzi+fMbfksLEhJu9MPAxZxl/wC5ktkdfb7ZzdO1GeZwsKnOfKmur6fr0PT99uM3DDh3kntDfbfXZOycvF/9XNZmMI6OKfftzRs6HeI3jy8TvEnHzEdp8Ss5kshjyclkclhYWFhQ9LUeZ/NnwraG3NrbXx55jau083m54k3ObxcZytt2+t+SG4l9TDH5/o7tOLXtWvDVuBOeT3dzef3wzTw8Z4ctlYEMXLc8WuRSxJYsKTkuyel/B8N+I3tguOO8OHmshuHu1sbdvAliz/h85yyxszHD0UHUm4KVJN/eVt6+fAaTTdpNLsQlrF9a/dmn1niD4rPEHxSwZZbfjihtXaGFJybhCOFl0+arv7KEb+6uv92fLMbN4+ZxJ42Zxp42JPrPEfNJ/N2zwmoQc5Uvno3S+RNOeWeWX9V2kmm9PPqRJvVJ6Gvsp8rmo3FVbWqV9L8uh924H+CXxD8fP4TObmbj42DsbO04baz7eFk4rXVyipSfTtFgxwyz4j4QouXQ934XcEeK3Gjav/B+GW421dvY6lFYksrgt4eFfec37q6Pv2Z2x+HX2SHCTcHDwttcbceO++2ORKeQjjYkNm4MtfejSw8TEfT71JV3s507tbqbubobKwNibtbEyezMjlcNYODgZXDWHGMF06av5v5h0npyc11k+Hf2OT5MtvB4it602p4ePDY2w8aajOGvNh4+LPDhOL6X9m/PXoDtLiuXSl8Ypr9rBdR0mUx4nDz3cpL+uv2Immk13ViP3r/mnf7Eh92P5V/c04T4NAjdFTVfFpBbOEuykS6/GihDy9GmTvfq2UBfKPW/Ujkox17Js0YxPuy/K/qiLbw1zK2vJ0YxMeGEm5J6RlN12iur+n6l/FK3Vzr9keqcTuIe7PCvcrae/u+O0I5PZOyMri5vHdx+0msPDlPkw02lKbUJJRbSbfUs5umbZjjuvlPjN8VW7nhe4V5veTFxo4+8mejPK7CyFRk8TNU+XFmnJP7KElUmreuiZ0Ab8b5bwcQd6to75b07Rxs9tXauPLMZnHxZNylJvReiSpJeSR9L8WPiV3n8UHFnaG/u2ObK7Lw3/DbG2apN4eTysVUUl/NJpzl/VJrokfF2MsuPbHmwxuWX1mc58fKf78/6DeEovmvsr/t9WjB5MFO3NP3o6r4rX+xzvT0Yzddq/sY+EeQjsffLjRmJyWdx8ZbvZaLi+X+HqGLiSXTrJJX/AEs7PsHDcXJuteldku36tnH3wEcO8Thp4W9x9iZ7Z6yufxsg8znIqNN4s8xjSt+b5ZR/Y5C0+q9f7GsJZOXv+m4zH1fq59yTH853/fK5X820q6l07GU+77JIvWvU08d7aToqdme9FToMq3QTsjdiIFDVgE3yJ06jmRWrMtUNjSdgkSiwAAZAAAAABUrDVBOg3YRAAFVOi8yMgJpW7IAAAAUADdAAE7DdGpABOZDmQ0KCcyKnYsAAE8AACAAAmgABQAACSK3RG7EBOg3ZAWwARuhzIsXXA3RG1rp2oN2TqVqTg6K6S6LQytPPW1o68it6V6oy2l8m2JzWtbb1vv0S1dkSerdBST9BJpLqv0sXgk1wOXLTd6+TClzPS/mzEmmlX0osGl8wumtfQuvcjaTTf0K5Kl1AsS2k7MXfRhfEnli4+SKcVTKPkyOSX615EtWcRf1+Toy/Vv8AzBzS5dH70nFfo3f7EniQinKWiSu5Ra/sIam1pPXXT+pmXbaSbV/11Z6Rv1xs4WcOclLO76b6bL2VgRlUp4+PS0Tb0im3Xou6OLXEP2tXht3Ow5vdvFz+9M+aEYx2ZgvVOXvN/a8ieiffy8y1qzxXNxTUVeI5RvvJOl86pH+bObRymQhLFzmKsGMerm9Kpu9LvodO/FP2xnGXeGOb2bw33T2LsDK40FHCzuPhznnMNuK5mlHE5E+a+qlpXTVHEjiH4nuPfFbB/h9/uKO29rYbmsRxnixw42ummHGPS2Z3WLcceLdu9viN4y/D1wsjCG9vEfZuWx8RQawVOUsRKUq1iot6dXp0Rxa4n+2T4SbD/jdmcOtx9t7ezeFBfw2cx3h4eTxJ6PV86xEuz93qjp7xMV4knOTblJttvVt+dszKTlJyfVu2XafWSdRzH4r+1T8TnEaMsDYGe2duXgT92a2ThyxJzhrcXLHc13WsVHprelcXt8+Ju/vEPPYm0t9N6tobXzGJGMZSzGJa5Y3yrlVJVb6I9YBnUZvqZXyt+diXLfu38yArAAVRu9VoBCqLatV5dT9/cjh/vjxH3jy26W5GwMztba2ck4YGWwai5yXrJpL5tHO7gH7IDifvfHK7a43bwR3Q2djRvF2ZlJfabRXknLklgrp5y6jbUwuXTr2y2UzOczGHlMpgzxsbGmsPDw4RblKTdJJebZy94J+y48THFZxz239lZLcjZWk1j7bnOOLi4dJ82Hh4UZvo9Obl1+Z208AvB7wO8OGBg/8Ah9uvh/8AE5YKwM1tfNqWJnMxFapyd8l3XSC6s+2KPKpUqSjypNt3btvpfVvu/kXTrjhjO3FXw8ezf8P3AmOBtXM7Kxd7d5MHH/iIbZ2q/fwXy1y4cIcsVG76qzlPl8vDL4WHl8HChhYeGqUcPSK+CPNd6q9X3NNLQvhqyWa8Jyy6uiPSvU3aaI+btXqSQl0JLuCpIErlld1qPb+l39SQ0SXkkgr7GtOxtdaoqumHVpL+ZE7ph+f9SZCl6tf1Nix3vz5n9CP6pLoCdNdVYMuajF3eib6eVf6mu7XkVOKjdGZLmTp9miyMuUYtc1hrU0xj4mHhRnjY0uTDjeI5vpGkuv7nSt7TnxnT40b5y4N7iZ+S3P3Xzcv4vHwpVHaedUVG3rrDDvEivNylpSTfLD2oPjOynCfc/H4IbibU5t795MDEwto4mD12ZkZ4cU23zJqeLDFahSeik200k+mHFkpz5uZyb1ba1b79/MuX2Zry8tv1t192frf4n+Uk+Zt+foQA5uge0cMNzNq8Q+IGwNyNi4Kxc7tnP4WWwoO6bctbpN1V9j1c5Z+y/wCH2d328W27O1suofw+6ccTbOa57+4l9jGqT158aL1rRP4EvM09f0HH3fScNziXd/Cc39JXezsDIvZuxsps/ljFZfChhpRVJcsUqX6I/RWir1bM4UpOCUqtfu+/72aOjNyuVtvarVNFvlVvtbInQfvJpd1Qc8o1+J/GgO7fm7/YBkKnRADS8yI8SMWk+4J8kyaNN/BkkIt90kJE8gnQ5kQFGk7BE6KnZLoAAQAAAAAAAAAAAAAAAAG6I3ZWrJXqgCdBuyUKNQAKBV0BSS6sdFY7XSfxCVeaL6Oy3ephuu36GktH6ksF9QO1BuieBUrDVGXLS0FLS2QaSsj93qS76B33AcyKnZksShInRWWRGrTEDqrI3QtJURuy9rIN2QBug6BVpqYbvp2GrVJmtcbNNOLTa9UzEovX5s33sxP+zGPaxYaeT0Qlemj+TMq+3kitz8xe11yj6pa/PUJa/AczWsr8+/8AoOaNr3lr01/3RBW7aWv60JzjFqMpU35yP82a2ls/I1POZ3BwY21eJNRTryvr8j47xZ8ZPh04OuOW334kbOy2axOZxy2H9piYr5avSEJV95daCXcm4+1SlSctaXXWjUJJ3cn+rZ1xcSPbK8MNkYuPkuH+421dttQxFgZrExvs8JTUXyuUZpSa5q6VomcUuJ/tXfE3v1gZvZu7mb2TuplcbEk8HH2bgYqzcIcz5Vz4mLOKfLV1Fa310M7Z3Nc13Zbc3x3V3by+Jm9vbeyWRw8GLlJ42YjCl8Or+Rxy4l+0n8LHDjEzeRxt+v8Aiu0Mspf/AEmQyuPOU5JXSk8NR16atas6Lt+eJW/nEzaf/Gt/969o7dz2tY2cxnNxurpdFdLouyPXFJJtvXUM/WSXh2lcU/bQxllZ4HCDhpirOLF5Vj7elzYLglJOSjhYl62nrXyOIHFL2gfik4rTxMLaXEbN7GyGKnGWz9jSngZdqlSalKTdV592ccm7BGb6mVefNZ7OZ7Hxs1nczi4+Njz+0xcTEm5SnLzb7vVngt+bADAAAAAAAJNmoYeJiTWHhwlOUnSUVbb9AMpW6KoSl91XWuhyL8PfgJ8Q3iInlto7ubrrZG7uLiPDxdt7TxI4WDhNdf8ACv7WXyjXqdjHAL2SHBfcCWW21xZ2jj777UwbWJk5NR2XO+/2bw1iNrt73ndjvp0x9O3vh1ScH/Dnxm48Z/EyHC3cPaG23gKM8fGw+TDwsKDdczniSjF9Hom3p0OxDgR7G7ZuFDC2px631nmMeEo4j2ZsLFjGCfXlxZ4uC21T1Ua1XVnZbsDdnYO6mycnu9uzsrLbN2Zk8P7LByuXwlHCw8NfhUV8v07n6OGpxTTbbu3cr+S0Whfa644449R6bwy4O8OOC+7+Ju1wx3P2bu9s/FxZZjEwcnFxU8ZqMXNvq24xV69eh7jHCjzTnCEY2+qbtr1f6m1KTfWqL719dCmvLLTlortf1Goq0r5r/MaVXoRVBe9ro3oUt0nvNpdl62bWiXX5Og6c2l+F0OxKzbxuH6/N2ATmRNk+1Bp9gap3QIxeKR1V+asrdGYP3U/6V9WV9L800bWXap2HqqJHt8ka7160Es5ZelX5MdXpfWK60JK38B916+afQG/DGInUl/TJau+6PI2udr+rl/Yy/ftLvfX1r/QSfLO6b5sRdO2hEYxMeMVFuE2nHmtL1Sr46/sz5V4nuPu7fhv4Rba4j7ezWHDNZfAng7Ly87bzOdlFrBw0lq05Vb6KNt9r+m5/aGU2XszGz+ezKy+WwMGeJi489IQjFNtyfZJJu+1HQl7QTxU5nxKcZczDZOPL/lHdTGx8hsHDvSa5owxcwqfTEeFGUb15eXRNtK71yxnnb9iXmvgHEriDvNxT322rv5vftDFzm1NrZiWNizxJc3JHpDDX9MYpRXoj1ksmnSXbS6ohi8pJMZqAACiVnZJ7FndzNPiNv7vXiYL/AISGxsHIxxO3M8aM5L40onW2dv3sWNm4MuEO/W0uX/ElvGsBuusf4bCdfqTzHq+i/ZueXwxv68fu7HYuUrlJRTtppejZujLkurVc19EwpW6XZLqdNcMScLRYk1puuisv3W0+zoFvhoE5kE7DNigAJzAEbocyCybjURIw5f7oJ6NkLjw0lYaosXpYkRlCxIR32LxRsGYunT7l5ldEsFBOZFTsgN0E7JIRAoDdBOwgAAADdGZO+gVoGYuupXcugFbSVmW7SaI06psLRUXsFfcO+xQVqRFfcN0G6I3bil3dFVW7iwvuoypJr4pMqlSpA1trQRbV2RV2Kte6JWbF5ldEbt15EejRXpciIj1VBaKhapPzdBtRdP1/Yg0nRG7aRL+lh9NOoF7teRHfYLpr1KWaEV9yrowl6onMtUSjL6hugySNR0xip2SSbquzszzKNc2ik6vyCxYytKnXlJO9H6+ncq7krNuLd92OdpNrsYxMXDi7lOMak07kl06v9mz83aO9W7Ow8N5jbe39nbPw0k3LNZvDwopu9LlJK9Gak3G+5t+qsRy91KVvyi3XxroZnNRcISkk52km6b6djjLxS9op4VOGObzeytocRMHaO1stGMv4TI5XHx1Jt1SxYYcsPTq7l08ziFxM9s5mszg4mW4YcNMTAxYWsLH2nmlLDknX3sPDSen5hqS9pLN812rrEjCbhOSTSWjev6dT1Te7i/w03EyGZ2nvTvrsjIZfJxcsd4mag5wS84Rbn/8A8nRbxJ9ot4qOJOHLAxt/cXd3Ck2+XYGJj5PR9m1iNvp39Tjrtrbu2N5NpY22N4Nq5vaOezEubFzOaxZYuLiPzlKTtmfdNs5epjOuXdNxP9rf4ctz1LD3OxNob4YyU045DDxMGCele9ixhp16eRxU4me2L4v7df2PDbdTZmwsFxxISln4yzOLUo8qacZRpq29b1r59eza7WiEuW3O+reo+ycSPGD4juK2Dntn748VtuZjZe0Jzni7Mw8xKGU96TlyrDtqlbSvtR8c5n1+mhAZYtt7G23bdsABAAAAAAAAAFcWlbPY9x+G+/nEjbGW2DuLuntPbWdzmNHAwsPKZeU1zyaS5pVyxWqtyaSCyXLiPW6P9WR2XtLamPHK7OyGYzWNP7uHg4UpzfwjFNs7F/D77HvfjeTCye3uPO8OFu5lm5/xOwsli4eNnUlJqLePhueFG6b05n5pUdi3Bjwl8CeA2BlJ8PNwNmZfaGTwXg/8Vx8GM8/jJ1/1MZRi5dO6Hbr9Vqbyrqg8O/sseO3FzAwdv78/Ybkbv432eNhYmcrHx81hO23HDw53h6VTnXXpozsW4H+zc8NXBZ4e0JbtYm921k8PGjnN4XhZmWDiRupYKjhQ5Fr016LXQ5UyUvtHidVLrc30+HQvXV69r80WTnl0lk4k08eBgQwIwhgRWHDDisOMYUkl2pVS+R5HFuWkrbu2+uhU1WrS1TLomnzLqzSdXbCun59jUelvt1Io9dUaUaTVrUK06atGVqlLzNKLXK30pk5X0CSi6mmrVejX0IlRQl5HXNJru7/YqVkLEjF3OCqTMU+h5HqicrsnC43UVauwEqBGb2wmoRUZPsl9S80WkkyuMr0lXyCjLq2nRtZNUXVL+pFX3n6SkwuvTo0xdNvzv9wXez8Xxr9yS+eja0dFu2n6xX1JN0pPybf0InnlmpWmm/m7MubhON023onPlv8A18/kb/Fy+vL86Pm3iG417u+H3hLt7ijvLjcuDsrKyeWwP/3ObkmsDBWn3pTpdUqbtlT1LMMbk4U+1c8X73H3ej4ddxdo4uDtrb2Ub3gxcGUozy2QxIr/AOnbap/bxk7aulDtZ1BTlzNtybbbeqPaOJ+/28fFDfvbO/29edxs1tLbebxM3iSxMRz+zjN3DDi3+GMWkumiPVjNu3HDGzm90ABGwAADuT9i3CC4Bb3zjfNPeuSetdMpgHTYlZ3E+xczuHHgfvflLblHeieI0vL+FwCa3lj/AM8V7vodk9P1t/8AT/3YuxOcWqVvS/xCKa6+i6hTTSWt9S3rXk7Okt1pwxvDOJrGWn4X39UaS96eiXvefojM/uy/K/qjatSnp+L+yDP3hqgml1dB/AJtdHXyDV6VNPoyk5vNt/IcyDGqkq7uiaNWnZq3+FtfIatNN/sFlsTor118nQtU02/m7DWiRLrvQa7XmXL97oVO1d2RSfK/eeunQqeiTldehKxYorRvyATp69DPSdFdJE7tlbt6dAXezsKnRlugnY0arXXoVKiJ0OZE6CQToN2QdjSdgidFTsA1ZlqjRJDYiVl6dQnRJSQFbshL8kxfoyyLqjdBOyNhOjTUnBIRpNN9nf1DdtJIdLTQXXGmIJp69kl9TQ7j5drC60a9gm0NX2fSy07qgF+ZbuvJdTPqVOjNZynkabkkul2SXvO15S/saT1vyM9Gl5phhV1/9qNGE6k/RJFc6aShJ35LREGiNpdTH20eyb6/d1+hJYsajze5zOlzadrLBttSrWiT5YJOn8a0/U9Y3k4k7g7oYTxN6N7tkbL5YuaWbz2DhSaSTdKUk31XTzOMHFT2p/he4fZbP5XYe8uZ3o2zlLjHIZHLYsIYkvL+IlhSw1+o1tdWcuYzfTvfr+5/mzefyeThz5rNYWCuXmvEmoKvjKkdPHE72yXGDb+I8PhpuVsndzBnpKe0Kz2LXo0oJdzi/wASPGf4k+KGYljbf4p7ayeFODw55XZeaxMngTj5ShCVP0vpb8xvTUzkm/LvY4l+KLgZwl2Rjbe3x4h7JwcDKt/aYeWzEc1jXT6YeE5Tfyizh7xN9stwq3fzbyHDfcTae9eA4VHO4ualkoKSaeuHi4HM0030rp6o6gcxmsxm8bEzObx8THxsWXNPExJOUpPzberPE3Zfdxpj387jmzxH9rL4kt8sXEwd3VsndvJSS+zjloYzx46a3ifaJPX+nuzi9vxxu4t8SYTwt/OI+8e3cKc1N4Oe2jiYuEmr6Qbpdex6OCbutGWeWXbXO0qi2k1quxJS5ndEBGAAAAAAAAAAAAAoyl0TfwABJvobwsDGxpww8LDlOWJLlioptt+Srq9UcjeAHgF8Q3H7OYWPsrdXG2HsPngsxtXakVgxw4yupRwpuM8T7r6KvXVEtkbw9PLP+mON9PrR9S4P+GLjlx12pHZXDbh7tPaMpQWJ/EYsP4fLKHn9ti8sOz/EdtvAL2U/APhZhZLa3EHBW/8At/AlL7SefwVHZ82+i/hZc8XVdW2cx9hbvbB3Z2ThbF3b2LktlbPwIpYOTyeXhg4GGtdI4cIqKXyLOXWenhj3zf0/v/Drp4Cexx3M2Vl8DbXHne7N7YzrWDjx2XspxwMDAkuZzw8XEan9rfur3aSp9b059cPeEnDjhJshbC4bbm7H3eycuX7SORykcF4jjdObhTm7b1fm/M9uhfL7ySS6Jf7RZJXV1p3GuVyysx44/B4oqVe7J6RSab0vV3XzPLD7mrPHhtNOmeRVy0zUMeif3UiNNJGuVJUZSlbWlCdpLdiS+80m10N0+q0b6meVJN+Z5FValarNX96wkk9CzpVVskXqDw2+iJZa0Qpd2GGeb0ZQ6VFdUqCoWJCpksTLpolordLXuYZmMybaTsEToCpZqretfH9ip9V8GT8T9eZj8XxSRqr42JVZJFbr9aI3Yi89wj2/MiYnSa/N9UVPp8UzOI24ycYuTqTSXV6orNlpKfLJqnbxNNL6Rv8A1Ok32qPinxeLnFmXCTdPa8p7qbk4+LgY6wMSUYZvaFxji88ekvspQlGLfRyn6M7G/Hx4oNn+GvgjtDamQxI4u8+80cbZewsFYjw5wxJYajPMp9f8LmjLTvyrvZ0A57N5jaGaxc/nMxjY+YzM5YuNjY03OeJOUm3KUnq271b6sl4jjlrPKT4f5eGc+d21r3fn6kAMtAAAAAAq7nZz7FTerOf8wcRNy54v/wBHh5LL7RhD/wBWeIsNv9IR/U6xjl97LbidmOHvil2bs3Fz0MtszeTIZzK53npKTwsvi4+Cte7xcOCX5h1dvV9DmWfqX08e8plP7y6/XTvchbbl2tr97+jRqtWwpRcpRitU/e+P+6L3o254f08MySaatK1WvxRpuMpaU+aWn6f9hbXSv0Fu4t1pK+gWzzETTSaVWrKSMXSXkkjTVAl+KBalXToZ1t6d61CtUu9P5likuiX6mNfQ1F11IlnC9zLi182jSdhqx0kuqytFTfdsfBotP0I7XYRqVY3rZoyviVNN0hYxZtQO9Az0yjVhKig1K1sAHRWSpQBK1aDVCJDvQTptE7pju2KumuZBuyAiaCNWUFiztnl80n8wrj0SVmjMjTe9jk31IAFO6bQq22tANewFrS7RLaumtVRG5JNLv5EUml71/sDTTd1zJdAnTuNepFJt0oy18kmHNXTkmvO1RPIq5qqVD/Wj/PmM9lsphPGzeJHAhHWUsSSjGK73JutNb17M+Z78+KLgJw5y2Njb2cU92spPL+9i5ZbWy08wq6r7NYnM3dqkuqF6NXLiPqq7001rr8CYkvd5opvS7RwA4p+2J4G7q5Vf+Gu7W1d8c2sScXDF5tnYSSqmsWWHicyevSPb1OH3FP2tPiQ35zGdy+6WBsfdHZeahLDhhYWWhms1hqUWr/iJQjbV2morUk+bjuO67am8ewdh5fFzO2ts5LI4eD/1J5nMQwor4uTSR8O4l+PLwt8LHh/8w8VNmZnElzr7PZOItozi1VqUcByceulrs66M6It9ePHGPiHm8zm97+Jm8u0Vm5yniYGJtPG+w95ttLD5uVLXy6Ueht3d2231Its8O1vi77ZzY+Txc7snhDw0xtoRprK7W2jnHh4UrTVvLywuZ9VpzI4g8RPaO+KjiRlcfZ+d34w9jZXHd/Z7FwP4Nx91xrmi+Z9e7OML9AGd1+xvHvjvZvfj4eZ3r3n2vtnFwk+Se0M7iZmULq6c26ul08kfkvEm4qDnLlXRXojICGgAAAAAAAAAAAAAAAABeV1fyAgrvoe5cO+D/EzirtTB2Tw+3I21t3FxcaODOeRyGNjYWC3/APcxIRcYLvb0o57eHv2Pm+O3MfB2zx93kwtg5bBxP8TYuzpYeYx8fDfT/HhiVhdO8ZPXoq1m/Drj6OWXPX4uunYW7W8W9GeWy92thbQ2tnGnJZfI5WeYxGl1fLBNnMHw+eyw498Xnlds77/ZbibvY8I4qzOchDGzcovWv4bnjODrvOuvR6nbnwb8MvBbgTsvLbO4d7h7NyGNlU0s/iYGHi53E0a97Mcqm7s+oxwuV/ecnJ1q7a0/md6aP9Ry37cMOe3HDgR7P/w08Dsrh4+zdx8jvDtiMcKUtq7dy+FncVYsea54UZxawbv8NdFd0jkbhYGFhxjDCSjHDioxjFJKPotNF8EbTdp80mnFdWm+/wACqSfRN18DXhd+6crWqnSu0359+/c8cE+VrySX1PJfoFTUkhO0mpxESqNeYmm1olfqXrXoHor/ALipneNMRjcnSSWhvlfS1qZhUm7X7orcYNaPUsXG6jTro2lRKV6NMqdtvVfItN9LfxRPKTLnTNNrQ2r8iax6oXfZ/Jo0tvOhteV/ALV9KHXqq/uXRd2FHdKia+hQETW9S9gAABUrM1MulfvJV2I1Q6dQ3ZExErAToBnLsbVr4NBO2vjFfUncJ1q/NM0c6WXf8zCVj7115tjp1DU6R6W32TZnGxYZaEsbFmoww03OTaXKtLevoXFmowk6bag2kur6HD32nniSx+BvAXH3c3b2n/Cb0b+SxtlZKUUvtMPKLkjm8SLu4y5J8sZVo5X1SLO3P1c7hja6yPaJ+IjF4/eIXas9nZ7Exd3N1MTF2PsrDU1LDvDny4uLCnXvygtV1UU1pRxcLKTlTbbdV+hDF5c8cfbNAADQAAAAAH7m4+8GLupvfsbeXAxp4UtmZ7AzXNBu2oYik180q+B+GE66Es236eeXpZzPHuP6b+FW/GzeJG4GxN+tmTcsHbuSwNoQb/kxY80fnTSfqme282jbT0v5nWj7IbxKZXbG6u0uAm8204raWy8zHNbG/iM0ni5nL4kJc+Fhxb0jgrBT07Yp2WXcJUpVyPVrvZuXcev6Vjjjl7/T/py5n4b6/K8N92vJ0G6FXOS851+xm+ZJrurK4Y3fbUZIrdmUqdN9Q2k6C65X5tahJq3d62E7HYACdH8x1fzIrS0+Y5kTsO4Z1vtq0RtMnYqVjo1IzV9TS5U01Y5WGqEq72WrbKnZkqdErNjQInZSMdBHqqKRui9xqctR0VMSM3dV50Ry5evnRE1y0S7EZJp0EqsH4qCN0E7Kt6UACMxG6I3fRMS6pURe901+Bpua7PkCc0dKlzXei66enX/5PzNt70bu7s5KW0t49t5LZWUirlj53HjgYcVrq5TaSWncNS7fqeSrq6MudUuV8z6RtJ/6f/Jxw4i+0J8KPDrL4mPm+K+zNrYmFaeDsXGw89O+n3cOWpxV4me2b3U2dmZ5Phjwyzm3MJwSjnM/nFk43r/5ThiN9fT59rrU3S6812b/AG+G+VptqauLVO/l17rt3PUd8uMHDDh/l8TM7579bC2OsKLlKGf2jgYEqUq6Yk4ta+Z0YcWvaLeKDizhY+z85vxPYuzcZ6ZfZWFDLziruvtYJSet66dTjxtnerePeKSnvBvDtTacqdyzmbnjSbtvrJu9WTeMY+sk6d4vEb2pPha3DxsbJZLejG3gzmHh8+HHZmX+3wZu2uVY2HJxT01+KOH3Fr2y/E/eDAxchwn3FyO6s1iVhbSzOYjncSWGpJ/9GeGoxbr+Z9TroclVJa+ZkzbzuOdyt7faOI3jI8SnFHNYmZ3l4t7fwoYrm55bZublkcu+eTk19nguKauUut6P4nyLaO1tp7YzMs7tbaOazuYm7li5jGlizbu3cpNvrbP8gIgAAAAAAAAAAAAAAAAAAAAAAVZvCwcXHxI4WBhTxJzkoxjGLbk3okku9gYqxWlnKjgf7N3xNcZsGG1cTc/G3U2R9usLEzO3sOeTxnGk3PDwcRKU1T0eifmdj/h49lpwH4Pyym3t9cv/AM9bxZbFWYwsztDClh5bDdNOH8MpywsRa9ZqX3VXVkl307Y+jbzldOpng34SuPvHXO4GX3D4e7TxMrmYqeHtLOYGJl8lKLv3ljSjyyWj6WdinAH2PG5uwFgba4772Y+38acIznsfIYUstg4WIneuYU28VdLXKlp6nYtsvY2zNhZDC2PsbZ+UyWz8DD+zwstlsCODhwV2lGEEowSt9Fr8j/XCFeTdJXVf9jXt8uuNmP8ATj+d5/09d3O4dbj8PshDZm5G6Oxtg5dRXNDZ+Sw8BTaVXLkScm+7bPYn+Vei7L4G+VkcW6Lo5yu8rsgqXRX6Gu8X5SsJUVKyVLz2zGNRSdaKul+ZYxSvp8lReVjlY8JJIVfRiMXFSb70VafMr1TXwEY+8zTjd9xarVftZp00VJNV5CmU8vHGF20o/wCUOKvotPJHkaSWncxLR/EsMbNarUb/AA18y1J/ef6Ej7vXuW1Y8pxLwxJczrT5qyxi4fy6+URXvWavsVeNj18v0M9/gaceXutSBrpeq+AaokZLXqVuwjL0aNVaRmRtdCb5Wo1QiJCIrN6VqyNUaI1ZISsgPRpeYFZvY9P2FXFtedFkraS/p/uFpFp/zM03dXgj7q1HXoOqryDfLejel0gl4jGJSkvdcnTpLvVPvp1SOgP2ifiAfHvxH7azWzcxiS2Duw3sTZuG2uRvCfLj4sUm1U8RNp94qNpdDtm9obx5XAjw2bxbR2fmfstvbw4f/BNlRWLyTU8ZqOJjQa1vDw+aS9eU/n9xsSWLN4s5uc56ybbbb7tt+fX5kvH5vPlbnn8p/n/X7sNgAy0AAAAAAAAAAD3LhDxL3g4Rb/7J4gbs53Fy+c2VmIYso4eJyPHweZfaYLlTpTjab8rP6F/Dpxu3d49cKthcQdh42Hz7UyUHmcCOIpfw+YqP2mC3erjOThqlf0/m2T0q9Dkp4L/GFvV4Y99lh42ZxM5uftbGwYbWyM1zLCjzSj9vhrtKCxZypfeajfQuPb1+hnM8fqM7rfV+F/h/QPhYnPiSXJONTUveXVV/v9BFcqSfZJfuz1jhzxG3V4nbq7N303Q2hhZzZm2MFZnLzhixk2nFOapN1KMri0rpo9ni+ZWk1dSVqtNTdjFwvp5XHKarS80+9GZO235G40lr5tmXG06IRE6V+ZpOzDWiWmnpZY0vL5Ivjatadw6XRMJ2NO5nSJfoy2XT1I67FAqdEF60Slm2k7JJ1RVpYaT6memeIynYEqiE7L212sTRlOip2LGMp5X/AH1My/3qacWq6fpZl/L5KiJKLt8Uy0ndru2Zq/L5qy/d1aVd2klRWrrtdIhOzx4mPhx5U5q5uoptJv4X8SwnfWLVq9fK2v7fQjN55ak6aXmI970+J6xv3xQ4ecMshh7W4g75bJ3eymJzcmNtLNQy0Jcqt1LEaXdfqji3xR9qp4YdwMfH2dsjbed3nzeGrhLZGFhZnLTdJ19rHErv+zLyu5rVcy3JRq9Lur07EljQgm2pWuyVvpfY6heJHtoOIu1cPM5Hhtw32ZseM1KOBn85jSxsWOjSf2WsO/mziTxS8aHiX4xTwv8AnXirtSWFgOUsPB2dHDyEFaSaf8PGDkvdX3m61qrY4Zy1One3xI8U/ALhQsxDfbiju9kM5llc8lLaGD/EvS6WE5KTfTSjijxH9sZwL2BgZrA4fbubd3hzmGmsL7bBjlcvOX/8ilKVeqidNuez+b2nmZ53aGaxszmMV808XGm5zk6rWUm2+nc8EpJpJKq+A3q8Fy41HOvif7X3xFb44mGtxtl7H3Ny6/6mGsLD2i5rtrjYenyWt+hxL3z438W+IObxs3vfxF3g2j/EScp4E8/iQy8dKqODFrDgqS0UUejgtytYvPa2r1I2m7SoAyAAAAAAAAAAAAAAAAAAAAAAAAAFPrR7twt4LcUONG3Fu/w03L2pt3MqcI408plp4mFl1K6li4kU4wjo+r7Oroluua1jjc7rF6TR+tuzulvPvptjL7vbo7A2htramaly4OTyGWnj42I/6YQTb+R2X8BvY5bQk8ttjj3vrgZeeFiwxZbI2M5YqxsPX3Z4z+znhv8AKvodgvCHw18GeBOyY7J4YbjbP2XFS53mJx+3zbk/PHxeadddPUTdvEd/qZjN53n4Tn9enVXwI9kZxs4gYeBtbiptPD3G2VmIxnHC+y+3z6etqeBJwUO2rk3r0OxTgP4CfDxwCwY5zYO6OW2vtuWAsHM7U2rBZqeIrUm4YeJzRwm5Ri/dORcMHk5VBQVXzXBa/pS/Y1JVCl3TRqen5reOUn9M1/lOSKpqMYyVLonyruk2tVrp0NW4t23K3p2JzK36uypJ9a/Q3Zqs60quXRdPVFSa6hRS7R/yjRdl8kRdhUrFMvTqRNo1RY9yN2aSpa9yVLeETT+RXor8iRTTfqVjwzPmnWmXuEmVpoRm9o9AppNLXUj1tDkbaemhalt6rUjMk216Gn1MuSj1E6TSt9EVUuvfyZj77VVp5qzbVJdPkqKsm6SadVZNNLI/McybivOw3JJWnVKjLT7Gn0RCGtmnYD/Qf6BZNHK30NLREToq1+QSjVhKhaHMhWb0pG6HMiN2ZJNpLVadQAEs1VtJp+VfsSU1TeveXy0DTa0I4vla01i0ba19ppaNoSXvR+bXq/In4l/U0v2/7HqfFfiDsbhdw52/xF27jLDyW7+zcfaElJpc8oQbjBW/vSeiXdtaofgx6ucwxuVdQPtduOEt/OO+U4WZDNKezNw8tyzWHJOLz+PHDlip69YRjGPmnzL1OBsqt8t12tVofvb/AG920+IG+u3d+9tT5s/vFtLM7UzVNtLFxsWU5JN9k3S9KPwDOV3XHDH2zn8f78gAI2AAAAAAAAAAAaw5RjfNevl16MyAOSvhC8a2/Hhe3nw8usfO7X3LzmPF7S2O5pJK5J42Fb92aU5y5VKMZSa5nomu6zgF4k+FvH3daW8G4u8WVzU8vh4c89lYuMcXJynzNRxYRlKOG244le87UX5H83ydHuXDLi9xB4Obx4e9fDfeLG2NtPDXL9tDDw8SLVp04Ti4tXFdUWZa4r2en6+OcmHr9Tz5k/eP6aYz5m48sk46tNf78mavR6P9DrJ8NftdN2tqvJbr8btg4+yM7jY2BlobWyrg8jGOsXi47nOLw6SjfLF3TddjsR3H4j7ncRth5beTc7b+W2vs3ORcsDM5XE+0w8RKUotxa66xa/Q3rfTef0fLHH34/ax45n7/AAex02w00rEZxl92+tfvXTr10LCcMTmUZJ1T09SOEzhHpZS9loyA7LYS8gaSCXhGqM1qmakQLKtqyp2ZK3yU5dG6sljNkVpPqRpLoTn+7UJPnaSpdPV/oV4kIK53FdbfRLzb7GWfdriMuu5XzOqMSzGBySnze7BOTaaei76HyniT4rOAPCFYmDv5xJ2Ps7ORw1iwyeLjJY+JFuk4wdWXtq9cvrl6K3fwVmXiRjpNNPy8vi+i/U67eIvtm+DOyoYmU4fbjby7YzUFNfa5rBwcDLSdLlpxxpSaetvl0rucWOI/tdfEdvY5w3KymytzcN8vJ/DQjmpQpp2nixrWl2Jdzhz27rdpbb2TsfJYu0tp57Cy2UwYPExMfEf+HCK7uXRLr1fZnHjiT7Q/wn8Ocn/ET4qbM2/jRliRlldh4mHm8eEoVcZR5oqLd6W9afkdGXEXj1xf4r53/iG/3EDa+1cV4f2MlLG+yw5R5pS1w8Plh1k+x6C6KnudrHEf21GysPGnh8L+FebzkeaoY218f+F0TWvLhSmn36nFHin7SvxS8Slmcjlt9pbvbJzWHLDlktn4GCmotttfa8nP380cVQLd3Zt+ptjenePePE+23h2/tLaU1qpZrNTxmrev3mz8yUr1tt+bICIAAAAAAAAAAAAAAAAAAAAAAAAAAAAAAN4WDiY+IsLCjzTk0lFdW30S9Tln4e/Zo+IzjdiYO1Nq7D/5L3e58GU87tzDxcDFzGDPmbll8PkfPSX4nFe8tWTbeHp5Z9OJSi2nLSl6n23gN4NuPviKzmXW4e5eZwdlZhSa25tHBxcDZy5XTX26hJN6dFZ228CPZf8Ah14PvLbU21s/G3y27lMZY2FtDafPhxhJNPTAw5qDX5r6fE5aZPZOR2VgRyuzsrl8tgRTSwsLCUIJW3XJGo91Wg1lXWYenj3zf0dfXAb2PvCzdeOW2zxu21mN7M68OsbZeWxZ5fJwn5rFw3HEn28jnXuPw53O4b7HwNgbk7u7O2RksvhrBhh5bLqNwj0UpO5yeurlJnscL1bbdaW3b+hryZ09sjpcreOvlGMOMcONVo9ErbS+FtmlS1V9UGnVDt80XXDMmuFT1+bMyWiRbpN+Vssovp5OhLqHlhRa69zUb1svK307CuVNvyslu12Cm38C8rba8nRpRa8v1CbDMuxokk216ESJTNdgCVOwADwbWJX0InRfvJ0Rzvbx8yt9Ta0+ZlRpu/qI2nrX6o1Et2203RicG66HkTvTyMtmcfgu+NMwi0bl0RE6D16GzHtHqhFK032BHfYi/eap11J1dFV07M2ottlbVaqwFpFetgAaj0ZksXrREo0QsutEJyl6KI5Jdmbi0rvuR8vkSJLfDKd9mC6dgKllp+nzVjp5fJB6Xfa/2/8AkdG1ro60dGm9xlzUZQu6Uk7r5f3OAvth+K3/ACnwC2NwyymM45vfXaa+05XT/h8q4zn605Tw18LOfjk6pJyb6Jy6nR57W3if/wA7eJ17pZXaEsfKbm7LwMnKCknDCzeNFYuMo/J4SfTWL+JfG3n9ez3Y4fH9nCV0ADCgAAAAAAAAAAAAAAAAAA1h4nJdXb7o9w4e8YeJXCnasNt8P98M/sjNwioRlhuOJHlUuZe5iKUH72vTu/M9NAaxzyw5xunPPhj7Xzjtuhs/LbL303b2JvUsO/tc9jLEwMzNW5LTDlHDWr7RWiOW/DD2vnh63rxsvsrerZu8W7GZxWozx89g4cspDV/+ZHGlKqrrFHSqBuu8+k23fqSZf8+T+j/dLxc+HDfjM4eQ3Y4y7r7TzeIk45fLZ+M8RX5x6r5n0/Lbe2Tm8NY2XzsJ4clakk2n8Gfy7Yeax8GUZ4GLPDlHpKM2mv3P9eX3i29k8RYuU21nsGUdU4Ziaa/c1MviT1PSs5l38n9Q8c1lsTWOKnTr7rf6G/4nBWjb8/8Aps/mt2Z4juOOxsCOW2VxN25lsOL0Ucdf6H6sfFx4koxcFxh3gpxcP+rHo6vt6Iu4ly9K/H9H9H6zGBrc+nXRqvM8GPtPIYKTnmYpd3q60tX5aH82+0fE1x82tDEw9ocVdv40cXn51/EVfPHll0XkelZ/e7efamI8faO8O0sxiNRTeJmsSVpRUV1l5JGd8se7GXjp/R7vf4kOBO4H/wCtOKm7uxW7pZ7NrCcq61fWrV10teZ8e3+9pb4TdxstDPZbiBgbySU3BYWxKzE0+Vu6bikvdq21q0dB2JjYmK08TEnJ+cnbMqTXST/Uu2bnuWO2Hf720+62BhSXDPhXtLOY0YwUHtzkwIS681/Y40muq8+58E3+9r14kd68rLL7sbM2BulNw+zWNkcKWPiRXmnjcyT+RwYBm8s7utbfWOIXit8Q/FSEcLfvivtzaeHDEjixgsSGXXMk0rWDGF6N6Hy/M5/NZ7FePnsxjZjFarnxZucv1lbP84CXm7o6vRuvUAAAAAAAAAAAAAAAAAAAAAAAAAAAAAAAABJt0kajhzl92LfotWBkUe+8KuBHFrjZtKeyuGG5G0NvY2E4rFeXilDCu6cpSaS6P9DsV8O3scowwsDeLxE70weOpYeNhbH2LiuWG4a82HmJ4mFF393SD89SbnTrPRy17rxHWFu3upvJvhtzK7tbr7Fze1Nq53E+yy+Ty2G54uJPyUVqc6/Dr7IvivxBWBt3jVtaO4+x8WDf8BCEp7WUu3Nhzh9lCPrzt+h2w8MOBnCrg3sZbv8ADXcrZuw8hHF+1+zwISm5Sa1blOTbfXue94OHDCioYcIwil0iq17k1a1Pq8b9nn8XwHgd4H/D5wCjgZzc7crAx9s4eXWBi7Uz2Li5jGxH+KahiTlhQb/ogui8kfeY4cYv3IQjVRT5Lbiul/voedp6t0eOqbu/k6N44ydNZW+p/VRNq71feT7/ACErfyKlfS/m7DVI0s4Yjon6muZUlr+hlKype8l/ehO1pLt/oTSvn5GmrXX9WTlZq60kT7ylFdeVv90eSSdy/M/ojx/cbk/5H9UeW03Kv5r/AGRnTN3tPu9TM2nGVfyv6osu2tfMy+ktb919/VAvE28jVSndfe8r7Iaf0/5SvrLr959HXZE/X5uwk6P0+SoqVhKypNWZ8luojVEK9enYcrFJeBKxXqipNWZnb6EYt5HS6ssGqf8AoZipd2/k6NxTXVv5uwlu2ZL4fNWFC3fuaf0lkRWWfAaUeW/u6+SojRdU3F9iTvSm/k6HVEbS8/0YXvdK+cSJSfeX+c3FNdW/m7NEumX7vWvlEnV6fQ1Lt1+Ton6/N2Z8tS7q3pRhr3k+xtKyNNV/Z0aa+Q1qq6DsG+i1/UtMHSdyxXvWOVlSozey2JLrZCyIN8JegFSsj93qQxvAAAltlMTpJ+kn+6D+/Jec6/YSXOml3TRa99PzxL/Y0nM5fn7a2rldi7LzO2c9jLCymRy883jTl0jCCttvySUmfzScZ9/MXifxX3u4g43MnvBtrObQipdYwxMRuC+UeVfI7/vGjvng7g+Fbibt3FxFDFluxnMhgO6/xszhywIV682In8j+c+Sp0LeNPPd5etb8J/m/6iAAy6AAAAAAAAAAAAAAAAAAAAAAAAAAAAAAAAAAAAAAAAAAAAAAAAAAAAAAAAAAAAAAAAAAAAqi30+B58ns/PbRx1lshlMbM4sukMKDnL9ENrJcrqPAouV1rQUZPojmBwF9mF4ieMkYbS21lMpuXsbEhHFws5tRvEePB63CGFzdv5mvgdlfAH2anhy4JRyu1c3sOe+G3svjRzOHtPbMud4E66YeHDlhV/zJvp6kl2630bhz6nH+f7Oo3gX4IvERx/nls3uZuRiYGxszLle2NoyeDlMP1dJzfTtFnZR4dvZG8JeH+Hlttcac7/zttlQrEyMcSS2Zhy/mglGGJJ9PvOtDnrg5TCy0fssPDhHD/DFKlH0SVKjzppNOkq8hr4tT1Jhz6c1+Orf4flbv7q7v7q7NwNi7ubHy2zsjlMJYODgZePLGEV/v/ufpxhyd/T0/Q2nbbJIs4c7fdlvJCppWTuO5e2uGm7TPH1ehtdGYp9hGsVSoSVhJ9ymleNxkq1XVBWp2/Nm2rr4mWmnfxE7XapJ/INvo+5YiStdUmW9o8WKnJNLtF/VHkjdyvzozKoppu20+nyNRacp1/MOdLemn8EZatNUrapGh3Iz3wa3JvpJ2hRWqSJr2CRVoaTTTMa9yxM1MpwqVWUjdDmRGZtexloqdkkEpE0ZToqdgGrJTK3Q5l3dAV6ycvOjMi2n0diQEiaMRmtev6GlJPpf6GvAkiFkTuTyuPbUSSKuhJFpbylNyRq6bInUkJKmPDUu15kE7MliZZvZIhZEC/dWJZJNEiWTSWrCYsRAWncAy7XW2vJ0zL5uaLWqUk/qa/HJec6/YiqSTtq0mbal3OXDr2sG0nkPBxvDlm2nnNpbLy/WrrMqf/wCJ0UydndP7Y7O4uX8NWzMlHFajnN5cqpLzUcPFf15TpXYzx1q/F5PTu88/x/afyAAw6gAAAAAAAAAAAAAAAAAAAAAAAAAAAAAAAAAAAAAAAAAAAAAAAAAAAAAAAAAAABJtWAFWXlbt+XqfTeDfhq408etovIcMdxM/taMOWWLmajhYGHFtq/tMRxi6p6Jt6Et121hhlndYx8zjByV9Ipq5U6V+Z7BuRw7314kbcy27m427mc2xtHNz+zwsHLx6y8nJ1FfNo7NuBXsa8jgY0Nqced+5ZnD+zhiQ2bsGccOUMW75MWeLhSuNWmo9fM7EOGXBvhzwc2LibvcNN09n7A2diY32+JgZKDw44mLyqLnKnq2or/sOb06308cJvO7vwn89OqXgD7H7ipvji5bbHG3a2FulstySx9m5fFjLaTjrbjLkxMGPbrzXfateyjgT4ReB3h4yWFHh/ublY7ShlllsXbGbjHEz+Z5bp4mJGMVfvO+WMfW9K+zxw4x5pQSUpPV938+rNSVvToJjvtZ6v/TNfg8UIzjo6fdO3q+1rXT5nlSlVyq31aJTNdjVc7JOmZE7pebo01ZOV3F+UrIcaIO1fmrK1ZIRcUk+yS+ppKwjLVErSzcosyujRZSCWnxJytdTS0VCS0sXtuWRkB3pp1MqcZNxTtrqWctTnpozJr10Tejo1etEkm79YtfQoR6teXmy9PJmUmpN6amte4GMXWL8+V9/gWCacr8/MTVp/lf9gn70/SQ214aI70otaWO9BkA70VKwIWIaoRJUvMVqycrNAztjqolRJFtXQaboJeayWIaoRL4XjStWEq7JlAiJaXWkRtNaOzXeqTsj1dUlQo8aXK3bq/J0bi1Tdt/OyNNdkyx6NUkWdGlatWjLpdWjV0kmSTvsn8SeQi12dlabozFeiRttJItGKaaNyV6k69OxexPCztlqhErVhKiLdJIJWJBOgfdVKiTdVpZU7EkmgmPbLWnRIETAMu1/Gn54l/sSH3V6QT/dl/FF+Ur+pEqjT/l5TS6svDr+9s3gYk/D5u5jR+5hbx4Tl88GaR0yHd17YLIYmY8KWHnIQUlld4sg5PyTjiR+rR0is1ndzH8P3ryenj7c/U/H/tgADm7AAAAAAAAAAAAAAAAAAAAAAAAAAAAAAAAAAAAAAAAAAAAAAAAAAAAAABReV1fYCFUW1enkf69l7H2ttvNxyGxtmZrP5mauODlsGWLNr0jFNnMzgF7KnxA8VsLC2vvxhZfcTYuYhDGwcxnuXMY+NB6usLDxLhpX3/Ppoxt0w9LPPmTj4+HCmGFiYjUcOEpOTUUkrtvol6nI7w+eAfxCeIHGwM9sbdSex93sTFeHjbZ2lKGHh4LX/ouSxpX2ajR2w8CvZv8Ahu4LwwNoLdeO9W2oRw8RZ7eCGFnFhY0bbngx+zioav1apanKeGAsLTBShCKUYKNJpL5afIntytdJj6eP/wAr/af7cC+BHsieCe4ONk9v8Udr57fjaeCn9pk58mHsrEl5/ZPD+1deuJXxOcewd2Nh7r7IwN393dlZXZ2zsthfZZfK5fDUcPCjpoo+X+9T9ZuTuUq0r4k60/M1MZFuVymr0R5/xdO2t6fojV6NDsiaLuWs6400npQboka7M1p3JGLNInZRp2AqbCN12bL3ojjzOqTr1ICd9mjUTKhy9kr9TSZRX0MLqzyOLaPHpFu2hBSPVULT6OylsGW2kl+piEeWTbS18jcglYnTpjxCregaoqVElXdlN8oBp2YCszTfTyaK46yf8zsvcOSVIKt6JEACBVpZCrVMJUck+zLF9Ry1bYUop0S9HjhonMlaHOtUSrIx55TvZpySjfkRqhyuUWl6EWya3C+ZtLsI/VpGfxNt1dFi673qnoXwkk002l+rROZeTD956ebZH7lttCE4vLSdtFkuV2+5hNz1UkaabXVaFsL2jdk5lHr3BHFyarsJ0v3WnrVInyK1OlytfMiU/wATROqysRIqVBqxRImiJUUhElJRTb7Kwnba8nRnEVxl+V/VGkqlP1l/ZAvaSIaasjVBuczQnRW7TMjsDicIlqC9wEyltKWrRG10La5b80mRp2abnLir7Tnc/Pb5eDnfPC2dh8+Jsd5XbE49/ssDGi8R/KDk/hZ0HSTi6Z/TNxq3Ix+JXCLfLh5lsbDwsfeTYWe2Zg4k480cPExsCcIya7pOVn81e8+xcfdveHae72alePszO4+TxW48rc8PElB6dtY9LLl1K8luvWyx+Uv7fw/MABhsAAAAAAAAAAAAAAAAAAAAAAAAAAAAAAAAAAAAAAAAAAAAAAAAASb0Ssri1o0BC8rry9KPqPB3wx8cOO+1cPZXDXh/tHaLxI/afxOJBYGVjDu3jYnLD5c1nZBwF9jfubsrL4e1uO++Gb2xnJ4eFix2Zspxy+Dl523KOJiNT+17LTlSp9b0m99O89DKTefE+f8ADqz3H4bb+cR9s5fYG426e09t53M4scGEMngSxEpNpe9JLlitVbbSR2B+Hn2PG9+3Y5bbvH7eSGwcC39tsPZ+Nh4mb5dabx4OeHG66U38KO0Hh1we4a8Itkf8D4abm7J3fyk1BYqyWUjgyxnH8WJKFOUuuvq/M9yhBRT1feld93/qWS2ct45YenfsY7+d/j+Xxzgj4SOBfh/yeFDh5uVksLaODhSwv+LZnAwsTPzi60njqEXJad0fYfs0k/djL3k7kl/ZI0kl0K9VXqmakkmoZ5X1LvO7ZVqTuTabfUqaaryYrp6WIpqy8aZaSsjTVFToSapvyVhN6R6pe81XoFH1v4l5Xr6OhHuRLfgqVdkUAzWbQABE7pmo9WyFiAkQsiFmhtSTVGafkn8REo8jLVdl8iXReZS7PQjV0UXTuKXYX0RHd0uwXwc2tUSVqtevoVpaUV00vQrUYtvq3+hG0k2+ys01RmSbTS7qv3QW9cK9L9HRGuamiy15vV39AtEFnQAABYkLElS9K+hjvdI1IhPBOhJtvRI0lRIlbokZvNGrJTQckixfN0FLxBuujr5Ebb6u/kG9aroQuuFxnlU6Em2qTr5ESsrVCdpZvJElVSbfyNR5UnVmSrT5lpZJBoJ0G7J3oQ+61zIJ2YTs1F9fQlZa70S1VhdUyU+nkyCp2UiVFAxiOoy/K/qjV3KfpL+yM4n3Zflf1RV96f5/7II0ZbNdjLQalsQDuEurBLugCdgadGbuEfyr6st9/QRVRSdWkloqNKuldma0k4jxYqjKozuk1J61d6f3P5+vaF8IsXhL4pd8Mnltnzy2ydt5mO18jKXSf22HDEx6+GNPER/QTKCnKmlT5Vqjrl9sRwJx95+HGweM2yMnm83tHdrNyyOcjl8JyjhZDFWJiYmNiV0jCUcJX25mWcyx5PpNuGWOc63q/hf96dPgNSWiZkw6AAAAAAAAAAAAAAAAAAAAAAAAAAAAAAAAAAAAAAAAAAAA0sOTlypq2601+h+jsHdjePenPx2Vu1sHaO1s9P7uWyOVxMfFl8IQTYaxxyyusZuvzEm+h5cDK4+ZmsLAw5Yk5SUIQhFylKT6JJdWc1vD37KjjzxZxMvtXiA4bhbBxoLE+2zeCsfOOusXlueEoOu8muvR0zst4H+z58N/BBYec2ZuVlt4dqrCwnLaW38KGcl9rG/8TChiRawer+7V6W3SrO7enbH0sMdfXXX4c3/X5uofgL4AvEdx5z8JbL3KzewtjQxYQzW1NsYMstDCjK/ehh4nLPF0T0iq6W1avsv4Beyh4BcL8DLbS4hwXEHbmDJyniZ7BUMg7/D/AAsueLrzk2c2MDKvAdYUYwhHSEYdIr52l8EkeeK5E1VX6a/r3LJvtfrJP/ax1+PNflbA3X3d3U2Xg7B3X2Fs/Y+zMvHkwsnkcth4OBhruo4cIqK/Q/SSmkl7qS0Xw+X+hpjroak1wz3fdewDW6aaFlUAsd/gUAG+iC1bXkBUrI06a81RVp17la6MM3lrzfm7MpVZewJvlnqgAJUolYaosStWQZSs0lQSoASRm7NvVGaa69wKnQpS+RCxGxmpLrRSyM3RZQ7pju2UFrURtL5i0SXVFjVaiL4RuzLaSbfZWbkr6HjxFSl+V/VFN6jai22vJ0ZvueSLSlNt/if0R43GlVrULjd9r1ASdFaoKJWVKiJ0VOzNZo1ZGmit0RtNAhF3ZWrJBVZrorIXi7YadCKaarsaatWglQN7hJW7RNUV6EbT+ReTEUvMN2QDya5O47AqVlq35oErdlaoRES9cIoNUtOrKov3la7F7ph3baJWFqq16E7tjVdSkDorHVWR/dYX3UBnE+7L8r+qNRXvYn5/7IziK4y/K/qi01KevWX9kBqjMiq+5JBqTaFWtoncmutdwa5EqASq7aBdrbd8L1C0d+jRPupWOZFa7bWrT9Yr6nrvEDczYXETc/a+429GRec2TtvLYuTzmXU+T7TCnSkubto3p3PYIv8AZpknHnd6fi0ata+gnxc8sPfuV/Nh4iuCm8PAXi3vDw429l0ns3MOWXxsOE/ssbAn70JQk1qkny35xZ8yO7r2l3g6xuO24ceJG5GyHjb57sYSjy4Lcp53JLmcsKMLS53PE5rf4YPW9H0l5rLvL4jw5RcZRbTTTTVadHqtb66jKTe5083pXKf+nn3P+beEAGXUAAAAAAAAAAAAAAAAAAAAAAAAAAAAAAAAAKlfR6+QEFF5XV1ofVODfhh438ds9gZbh3uDtTO5XMScI7Rxcri4eRTXVPMcvIq7qxvTeHp5epdYx8r5We37gcIeJnFDaWHsrcDcfbW3MfExVhN5LJYuLCEn/PKMWor1bR2g+G/2PW7GxMGG3/EPt+W2c1jYPLPYOzpzwcDBnd3LMwnzYnRacqXnZ2EbmcN9yeHez4bJ3G3U2PsPJwSTwtn5HCy8ZtJJSmoRXNKl967duzO7enaen6fp/wBd3fhP3v8ADq18PPseN6tsY2V29x93ny2yMpCSli7E2c/4jGxoNP3ZY8ZxWFJaWql17Vr2McIfC7wQ4HbMymQ3B4dbGyWLlU1DPYmWw8bOyf8AM8xKH2jfzPq0cNRnKbbbkl3009OiLTYmPmk9bLrH7M+XH69scijVJT7XNe9/mNxSTbUm7S69RysqVGtOdk1wV6tEa9WzRGrBIyGk11dlaohqNmtd2PimVK+4aruURtJXroyJ/uy6UH2Aq7Ni0rY6r4FS0aYSnXUvYaVSAQFN9ERujUJPWjNZqU11QSs07l1onTqPCKlQCdggN0E7DVhKgBJFJICJWaSoidFTsokjLV0basy1Qizs7AApvlmQTp0JulfkrJ5runQbmumuZXRjE1jL8r+qKSStNeaoqWcNWnKd395/RB12sneT85WAsnCp0aTT8zBU6BY03FeZOZdrHMu6ZG1Lpa+JKaOvQNUVINWTwm+UToNpqg1QSsi2SiaSovMiNUQvBqK2midwC8L0jddi/IjvsW2+o4Acyj17kejQkm6CZdNPWgnROwCScctJ2UynRU7JWL8hq6K2kkZlJRq+4k+hBW7ixdRRm0k0Ve8lQEm1yy/K/qjV3KfpL+yMSi6a800aj1k/OVg15aMyK9DPMn0DU3rgHdLzdAd4v+WV/UG6lqSTp6qwIVSTV0kvqC8Ny3XKv3lS9Qo6pP0Qjo6+LNfiXxj/AHLekvE4ZcUk6rrWqC6dvkqLLv8AmZBOicxnEh9phyj2knF/B6f9/kdSvtLPANtjZe3c9x74QbDnm9m55vG25szJ4LcsvjOdfbYeHFP3GnFNLo4t9ztrcuVq+h/l2jkMvtjKYmRz2Dh42XxcOeHi4WJFSjiRkujT0/Zll404+t6Nz+1jdWdfx+b+W9wlFJtaNtJ1o3p/qjL07nZz46/ZibQ2Ri7U4u8AcjjZ7K4mJPN5/d7Bw8TExcCHNq8vFc8sRLmtptKMYaeR1l5jL42WxZ5bMYUsLFwZSw8SE1UoyTaaa6pp6GbNOXp+p7+MpqzuPEACOgAAAAAAAAAAAAAAAAAAAAAAAABXVrsVRbpJrX1AhabPqnCbwucd+NmLlnw94a7b2hkczLlW1HkcWORhq172PyuC1T7nODhF7GDevaeTw89xj4k5TY2YjiRm8jsjLvORxIX92WJKWHyOrtpPr6a5uU6dvqM5zlx+P/NutLJ7Pz2fzMMlkspjY+YxZqEMHDg5TlJ9Ekl1OTfBr2b/AIouMGXhtLB3N/5Y2fKdPF3h+0yM5QVXOGHKHNJU9HVM7juDfgy8PPAnK4sdxOHGzcPNYvK5Z3PXncw5LpJSx+bk76RPtCwVCL5Ek2qtJarTraf7F5rU+qx6lyv9p/LhP4ffZTcC+FTyu3OIbxN+t4MrmI5nBxc1CWXyuD7q/wAP7CE3HESetyv4djmdsnYGyNg5VZHYmzcrkMvFtxwcrhQwcOPpywUYv5pn+5Pl5rUUm7VKjSfN0r5qyTGTlM888++vh4SPuRS5Uvg0VO+37oji3/L/AJQly/y/5TW2Jtfl+6L/AL6kWv8AL/lHTy+SoHK/76j/AH1DXw+asn6fJUU3RuhzINWTlZFnzHr0IXlfp81ZKry+So1GoqEn6E/T5qwq718lRVLF616Nlq+hmSq3p9x9r7oJbqNR6yXk6K2SKqU+n330XoitN1ST+KsM72oHy/agDZp3Kq7EKnRGaoasJ2DIJUAAAboBqwCdhqwlQAnKypUA3RdcASRU7JITsiAA0vlmabTrumvoT8Un5yv9jT6Ge4ak8qk30Qaa6oJ13aDd92w0gAAAABa72R69LRpUyaduxBYJ62VuiJ0JP0ZmprkbsR60T5FTp2C9cEutV0I9OqEmm7tojTrTUE6VaqyXfRCnXkGulF0qu1VrqWtLJ1ot6UXQy9fkXsToy2LAHqAtWSRL8z1KnRm7bXkUVzvyWcHLlaoNNtIOaSSplvVMhLplxepYqkG7+bSEZ3FNJu1YLdkq7sJokpUm9VSvoNeblbv3uX51Ya3NaatNGUq7ol83LX4un7/6EUtLf8vN8guNkjQtJfEd2vJ0SXWK83QXU7SPcEg01zeaTALY3fK9fJoqkm0/Kv2MtNv5WEqNdrqWNN3fxbIEuvwDXT4Dwk4ZmtL8lZKUW+ZW060LP7svyv6oTXNKVfzP6IQl508ePgwzMOTEgpRSfuypqVprW09KbOGvi49m3w18QGHj717oxwt1d9OSVZrBlJZXOOk4wxcP/p4S5nP3oR5nza3VLmelXUkqdJpO/NF7Y9X0p6k0/nA4+eFjjN4b9qxyHEvdbFy2UxsSWHldp4EZyyWakkm1h4sox5qTV6Lqj5G4tdV1P6ht4N2Ni717Px9j7x7Mye0sjmMOWDPAzGDa5ZRadW2k/gkcFeO3sheEO/OYzG2+Eu1MXc3N/Y/4ezYc2LlJ4iX3nKblONvyVehLi4a9T0+LNz4z9/8ATpjByi4v+zc8VPCTOThLcd71ZDDwp489obv/AGmYwMLDjX/Uc4QcXT6U+j8jjFmMrmcrj4mVzODPCxsKThPDlFqUZLqmuqZnTUsvTxANNOmgFAAAAAACmAAFMqi30AgLySXY9+3A4Aca+KmF/EcOuF+8e8ODdPFyGRniYa61ckqXR9X2Y21jhll/TNvQBRzS4eeyY8Ve+mRym1drZHYO7ODjzX2uX2tnMXCzWDHu3COFJX/7jk/uN7FrcDKLLZvf/irtfPYsWpZjJ5HLYccGXosS1P8AZEl306T0b5sn/Pk6kI4bknK4qvNo+r8MvCj4heL2HlM5uLwp3hz2zc7JRw9pvIYscnXm8Xl5a9VZ3m8I/BD4auCklmtyuGuS/jpYawsXOZ7Fxc3PESvVxxpyjer6JH2zZuysjsrLfwOz8pgZfLJJRwsLCjhwXwhFJL5DWTXs9LH439J+9v6Oofhb7GfijtnHjLirv1snYWA4qUobJk85jxvonGcYJdPM5r8G/Zq+GLhFmtnbYe6b3h29s/lbz+0MxjThOSfV5d4ksLX4HKzDw1DmbalfTR0vk2xyqLb0t+Sokw+JPUt4xmn52xthbJ3fykchsXZGR2flotuODlMGGBhxbbbqMIpdz9GEZRnOX2jcZVSt6fq6/RIdyppI3rU4Sza8tJ6t35keiSKnZJEZmpUeqLHTQgK1eZw2Zl0s1aa+A0ppkY3YynpZevTsGtEkEqKvcXsACMwAAaCNWG0uoTT6F3wvzRqixrWySC0TZYu+GtOxiatNeaa+hq9LI9ehU1sj1k/OVmvm0SJQdJ06tspGrovYjN0ABKyeEWJQlQIAAAAAA3QTsNWEqAEkUkvgXYidJthu1aI7qqC0VD5g3QTsNWEqdeZY1PiNWRqjXejMitRAAFAAAAInYFun0IrtsuncadiAHquoBKC0XUAEBtdzMXbptlaskVrZYsar1GndL9LHYMqJzR7L9qKnZlQdvVGkq7oq8FpdbFp9LI1YSogvcjtNfMt60FTVslqUtNtoPQadg9URiyeGZPv5Js8iaVp9nR4pLSvNNfujyN6t/wAzb/ZBkbTcEr+8vozEF7kFde6vqzS+9D86+jMw+7H8q+rASVRlq37r+qNfjb8sS/2Mz+7L8r+qNfjkvOdfsESKa5H/AC1f7/6mfwNeWHX7m0018VZlp1L1VBrW41+Kf539ESXWL8pWXq5PzlZGrDcnGqxH3Uo+SS/dg1TUmlQB7Y1Vy/8AaitUSF82t9l1vzNS+jovVSXXDOvYl11aKnY+RdtJJWmk+qrrRpqm3/M762R26pJAqa8pJN9G/wBaM8surfT1s2GGozHuaT+BIppv1DaTS8x2jM8DBxYPDngxknfuy1Wvx7HzriT4cuCfF3KxyHEXh3srbGBD7sJQeFTdXTwnF60tb7H0iEk5fAsutixm4zbhJv37I/wub2YuYxt3cvtrdR4yShDZ2aeLDCrulj87f6nx3eT2J27scDEe6XGLabxuV/ZraOWw1Fy7W8ONpfJnZ5SfW/1I24/d/dk0nsjpwznsVuP6xmtn8TeH8sOvd+2x87GT/TLNH4+b9jN4oMvbwd7uHuOk69zP51N/rlTumcn1bprpQUoydtarpbGk9nLpIfse/FSpqC2ruS7bV/x2arT/APzH+zK+xs8UWPJxx959wcCujnns47/TLHda0m07d9dGSVJaKn8SWfA9nLpiwPYveJSbX22//DrDi/LOZ1v9P4U923T9invq5w/534rbFw8N/wDU/wCFLFnJfD7XCV/sdsvfSKS9DSlXRv8AUez411xkxnTrj2L7FPhRgz59t8Wd6czFU/s8HL5eCfo243+lH1bdT2UHhK3fwfs9s7s7S27Kqcs3tPMYfNrfTDxEvLscyFP0v4sSk30il8xrdPflLqcPk+4fhV8P3DPEWLuTwu2NkJxk5xlLnzEoyaSdPFlLyXY+mZXZeTyKhDJ5TLYEYXSwsJQr5Rpfsf6/e9CXrTNTgtuXdSODhxcpQw4Nyq7gl+/c3GL5Xb+C7L9iJpNo2mmmTWnPXt6Y6aFTQenn8nRP1+bsRqczlrmROvQhYkvaWa5GqIWRBvay7WJrTuZiaJWcoklfQnKzQLElvSJUVKwVOhSo1QK3ZCEoB0VjqrCUJdl7ESqxBJJtaBJxXS/gaFtdKLYu/DPXtRa0aLbf3mhpV2WLOtJWiRlr4fpZvqrI1ZVnCJ15fJUVOycrJKSw0276Xp/v1BdNgidtrydFDNCp0RKy8rJwip2CdOpU7M0A3Q70GrdFBOwEqBAboJ2SQiBSSXTVopJAZ1Xdv4l/31J+nzVjp5fJUXwDdEtWma07klWlFjeJdttEl/vUL5fNWH8vkqKc7ZbpN+SstO2vJ11RJK00q1Vaqy1rJ+7q7+6F52U/9sU/9sV+X/KR6fy/5QrSpdUQVSvTXyVAAB+nzVivh8lRA+Q18h8yOvR/FWQu/C/76gidJ1H9FQWrejRZ0TeuR32HN25X+wavv+xhxcW25LX+knlY8ibfb90Ha7fujEXrWn+U1KNJN8uv9JovY5Ndv3Q17r9DNxXVL/Kagut18kA5kuzCd9BNVTREr8vmrJ5Pm2lTv+5nWOj7+qK+nb/KZkqafu9/wixIvN6fugnZIpW7Uf8AKjWnZJfBIyxeMmJutfJNm31r+VtMzOqlf8jf7o1iVzPp1vVX2QS83hF9+P5139GSH3Y/lX1ZY/eh0++uirsyQ+7H8q+rCWaJdJL+l/VFbrFr/wBX/wDEk75JUteV/VFlf2iTWrxf7BEw3cY/lX1ZZOk9G6VmcLRJf0r6sYv3Za/hfa+6DpLrFpXqmqp0XyXm6MxVSnrfveVdkV6OP5v7MG7YkZKbcl0aT1BjDtJflX1YDUl8vKtHfqmJa9PNsUKLNVON7VLyDVCIkNcnlO6Xm6JzKk/NWXvF+UrM8rqK8lRo520nYJ93qypp9GGgjjbTvoaSsdPP5MS6Tbxq02/M0nYab/7uwlQt2qkasvzGi7oIxJPQQWr0RqStqmtAlTd9w1vhpu10oy1dC0v/AIFp/wDwGZwnKyP3epszKLlVBdkXdm0rMRi43ZtNLqEqqLpmGqlZ5ItNOjMqXXv5ESXlhPrL4G4mdKaV6tdjSauv7BarVkaot9g1ZOmd6RKwtOvcqVBq6HjZbtdF17kkrqg9a9C9iMdIlRQCrvYAErInQA00S7BtQlYLECNaURaKjUiAAAAABd7IlJ9RSqkUFa3Uvljr2Vl7teTozPVNeaaLdtvzd/sDnamMRWn+V/VGzMk2ml3TRStP70l5y/sh3ofib9b/AGRO7ZE8NJ0VOzPRWWOqsIrVk6dSt0Tr0JRU7djvYSoEAAAGrJ06lDV6iAnYasJVqBRlqiNXRqRDUNnYzN0r8lZoxNWmvNNfQNTeuFStteToNUE6cn5ysN2Vqb8oAAoR62i9h3BFvRIgI5JdQRR2Ipp+ZU7M+TSNqL17k5k+gn2MxLY1F17MvNXV2Tq6JLR0INqafmZm7oRV2JRZPJwkZJdTTd0Yao0unQtKmltMqTj3Cq3YtrqIK3Yj1oj0rvZVo1a6gLTRX7yVdiJOki/d69xURR+HzVmkq8vkqCdkboy52by0ziulL8kl+6Nz96Trs6/ZHjxtYt/0v6o8nef5v7IJ1eEiqlD86+jJD7sfyr6s1+KH519GZi0lD1ivqwXdvJP7stWvdf1RZf8AVTtv/F/sJ/dl+V/VCX/VS/8AV/sGWcPVJ/0r6sYv3Zflf1QwtEl/SvqyYzqEn/S/qg391rmSnJfzTpfohzJqMv8A3fUzd4nNWixL/YLpCHeuX56hcd/kkdNPJUDKnScuVtUnoA6b28/K30ZHGS7oqmlFvXS/9/uVu3y+ToThiXwylLvRUn3od6I3rSNRe2q9UOXzaCddSqddG18hyzdsOn0p0Eq7JFd31b+Q18qCzrlU6D1V+RnmQU1TWvVF0WXuLWlgr6L4shCGvYK+9fqCS5esr06FVpJvyFP1+TokZL9aNcyFTlicW61f+YR93q3/AJmabszJSf3XRFlW0+jf62CRUl952aSsog/X5OitUQC2/X5uwtXbvT1ohYk0lnlXFtOrv8xnVV106+8b7GWhvlJbsjdtu/1s1RlOi3bpEpktAitqyk2zAEuigoAAkCxIWIKtWmYqmzyJ1ZlpgQsSNUWIFasy1RokgIAAALytEaosAAGmmZCJWrCVBfCgAIl6pfzOgpKXTysVcoPyl/ZmcNaJ/wBK+rCVurTSKvdVMJ0G7IhXN07CPcsOjJdNkFBOZFTsgN0TmQkQDSdhulRIiQDmVUVOzJYgJELLRWTqrNQDMjRmRWsUAAbAB3S83QD5i/QsKn3q1aMOXLJxa6AnLXYjjbCkpdCg6ZqixJJpCLuyaa8E+hldDU1dGYkpOmktbJNa2VOiTd0WHkw+5qRmDqyykieTyzJXr5FttakbTVfVCOumn6UVTo/iVNNNEno6EafZfNAaSdU/2IoS6+XmxXrXwVFT0et/FWGVp6f6ifS/JX1J1rSP+UuItGtNVX3fgKl34T7raa6OtC3zdguVuTrq70RdOxlz52xixbg0l0i/qjdNSn7v4v7IziOoy1f3X0+KK6cp6/ifVX2QN2UtqULX4v7MxFOSg0ukV9WeSNKUe/vLtXZmLSjF21UL/cJbtcSVRlaa91/VBu8W12xf7ExVUZq7pNfQf+Z2/wCr3V9gGG9E6/Cu682MR+5O1+F915ozBe7H7v3V+H1Ymvcl0+7/AC+qDf3W9LlS/E/oix+9HT8S+jM/ia01nWirsItPklprJPVX5g3PawlzRSjpcV3XmwWC0WkdIJ/d9WDUax6bcahJWujf7o1Jaz/N/ZGXGTTSfVV9DWtyb7u0ZYk1RLT1Ek00yp0XRl21vVeNWm23d9DSdk5JLuiJ0WNNKrtqy0n0Vaoi1TfkWGt0Gaw4NNdOrHK7+aPJJO0jLVOiy3WllL7erLTZO5pPT4AqNUePE/szytWrRicG66E3qmNSDuvSjX+pmMXG7EpV8lZe1rfK/NBqipNWvJ0GrDO2SxHK2R2F7aavutDJKl100NU2rJTWkKmlZVF0zNU2IdtWhJMybtN6Bm8dM8rC912zRmQ7Jd8VY9KKSKuytUSxm8VGrovYAkTsAAKFToiVhqgeF5kOZECVgVuxEcrHTqBQ1YTsAZaoFkQvgack6I3ZAIQAI2km32VmmlA7teToAAErDVNLzAfij8b/AGMxVUn2SRfxfAd2wze1A70PP0A1F1ZGmIu7KZvYnKypUG6CdjxsGrMtUaJLRWQIlaszF6WaTsDLVFToSIXwEnapEWiooEIEasoNNTistUQsiBuA/FD839mB3i/J2CzbMG+WNfyr6sSi3roWKcUk+yooJx0zGLjdmuwAGJruIafMs+hI6r4BrwsnZnp1NNUZkZtWKnZJCJWrL4EWliRHpo+5Wr1AhqC1MvRpPuai+5SpJOXvLp8aEU/19bLXu1p81YWjXTTyVBN+D18x5rzL2S8rITyKu3oWfZ+ZE6aLLWhUvZHuV6EiurK1p8TLnldVjEXNGVfyv6o1TU5/nf0RJfdkv6X9Uaf3p/m/sgzvadJw9Zr6Mxdw0/8At/3NtXKH5/7MxFVh/wD9f9wjWKubnS7tr6BK5p+eJf7FkrlP87+iEVUofnX0Yb1PbtiEXyx/KvqxiKoy/K/qjcPux/KvqzGI7jL8r+qC7+yv/m1/6v8AYkNIwXrH/wDIv/m3/wCr/YkdVB/B/UMJDol/QvqwWMWtX2il+7/1BeXbHp//2Q==', '中国钢铁行业无惧美国关税中国钢铁行业无惧美国关税', '<p>中国钢铁行业无惧美国关税中国钢铁行业无惧美国关税中国钢铁行业无惧美国关税中国钢铁行业无惧美国关税中国钢铁行业无惧美国关税中国钢铁行业无惧美国关税中国钢铁行业无惧美国关税</p>\r\n', '16020', null, '0', '2', '2', '14', '123123123', 'ab,cd', '1', '0', null, '2018-05-21 22:36:39');
INSERT INTO `data_article` VALUES ('29', '中国钢铁行业无惧美国关税1111', 'http://localhost/zcw/assets/uploads/imgs/20180405/5ac5960e479b8.jpg', '中国钢铁行业无惧美国关税1111中国钢铁行业无惧美国关税1111', '<p>中国钢铁行业无惧美国关税1111中国钢铁行业无惧美国关税1111中国钢铁行业无惧美国关税1111中国钢铁行业无惧美国关税1111中国钢铁行业无惧美国关税1111</p>\r\n', '16021', null, '0', '2', '2', '1', null, null, '1', '0', null, '2018-05-21 23:06:29');
INSERT INTO `data_article` VALUES ('30', '中国钢铁行业无惧美国关税2', 'http://localhost/zcw/assets/uploads/imgs/20180405/5ac5961747bbb.jpg', '中国钢铁行业无惧美国关税2', '<p>中国钢铁行业无惧美国关税 中国钢铁行业无惧美国关税 中国钢铁行业无惧美国关税</p>\r\n', '16022', null, '0', '2', '2', '4', 'asdfadsf', 'asfasdf', '1', '30', null, '2018-05-21 22:37:23');
INSERT INTO `data_article` VALUES ('31', '中国钢铁行业无惧美国关税3', 'http://localhost/zcw/assets/uploads/imgs/20180405/5ac5961ed2c14.jpg', '中国钢铁行业无惧美国关税3', '<p>中国钢铁行业无惧美国关税 中国钢铁行业无惧美国关税 中国钢铁行业无惧美国关税</p>\r\n', '16024', null, '0', '2', '2', '2', null, null, '1', '0', null, '2018-05-23 17:55:38');
INSERT INTO `data_article` VALUES ('32', '中国钢铁行业无惧美国关税4', 'http://localhost/zcw/assets/uploads/imgs/20180405/5ac5962670f5f.jpg', '中国钢铁行业无惧美国关税4', '<p>中国钢铁行业无惧美国关税 中国钢铁行业无惧美国关税 中国钢铁行业无惧美国关税 中国钢铁行业无惧美国关税 中国钢铁行业无惧美国关税</p>\r\n', '16023', null, '0', '2', '1', null, null, null, '1', '0', null, '2018-04-05 11:21:10');
INSERT INTO `data_article` VALUES ('33', 'asdfafd', '', 'asdfadsf', '<p>asdfasdf你好阿<span style=\"color:#e74c3c\">萨德</span>法师打发<span style=\"background-color:#c0392b\">是的发发</span></p>\r\n', '16020', null, '0', '1', '1', '2', '123123', '123123', '1', '20', null, '2018-05-20 18:07:53');
INSERT INTO `data_article` VALUES ('34', 'ttt', 'http://localhost/zcw/assets/uploads/imgs/20180508/5af1a13412759.jpg', 'asdfasfd', '<p>asdfasdf</p>\r\n', '16020', null, '0', '1', '1', '0', '123123', '123132', '9', '0', null, '2018-05-13 20:51:45');

-- ----------------------------
-- Table structure for data_category
-- ----------------------------
DROP TABLE IF EXISTS `data_category`;
CREATE TABLE `data_category` (
  `id` int(11) NOT NULL AUTO_INCREMENT,
  `parent_id` int(11) DEFAULT '0' COMMENT '父级分类id',
  `name` varchar(64) DEFAULT NULL COMMENT '名称',
  `level` int(11) DEFAULT '1' COMMENT '级别',
  `keywords` varchar(255) DEFAULT NULL COMMENT '关键词',
  `des` text COMMENT '描述',
  `rank` int(11) DEFAULT '0' COMMENT '排序权重',
  PRIMARY KEY (`id`),
  KEY `uc` (`parent_id`)
) ENGINE=InnoDB AUTO_INCREMENT=16025 DEFAULT CHARSET=utf8;

-- ----------------------------
-- Records of data_category
-- ----------------------------
INSERT INTO `data_category` VALUES ('16011', '0', '劳动法', '1', '劳动法，经济法', '劳动法劳动法劳动法劳动法劳动法劳动法劳动法劳动法劳动法劳动法劳动法劳动法劳动法劳动法', '0');
INSERT INTO `data_category` VALUES ('16015', '0', '经济法', '1', null, null, '0');
INSERT INTO `data_category` VALUES ('16018', '16016', '啊发顺丰打的费', '3', null, null, '0');
INSERT INTO `data_category` VALUES ('16019', '0', '婚姻法', '1', null, null, '0');
INSERT INTO `data_category` VALUES ('16020', '16011', '劳动法1', '2', null, null, '0');
INSERT INTO `data_category` VALUES ('16021', '16011', '劳动法2', '2', null, null, '0');
INSERT INTO `data_category` VALUES ('16022', '16015', '经济法1', '2', null, null, '0');
INSERT INTO `data_category` VALUES ('16023', '16015', '经济法2', '2', null, null, '0');
INSERT INTO `data_category` VALUES ('16024', '16019', '婚姻法1', '2', null, null, '0');

-- ----------------------------
-- Table structure for data_member
-- ----------------------------
DROP TABLE IF EXISTS `data_member`;
CREATE TABLE `data_member` (
  `id` int(11) NOT NULL AUTO_INCREMENT,
  `username` varchar(256) DEFAULT NULL COMMENT '登录名',
  `pwd` varchar(256) DEFAULT NULL COMMENT '昵称',
  `name` varchar(255) DEFAULT NULL,
  `status` tinyint(255) DEFAULT NULL COMMENT '用户状态 1:正常 2：停用 9：删除',
  `created` timestamp NULL DEFAULT NULL,
  `updated` timestamp NULL DEFAULT NULL ON UPDATE CURRENT_TIMESTAMP,
  PRIMARY KEY (`id`),
  UNIQUE KEY `uuid_unique` (`username`) USING HASH
) ENGINE=InnoDB AUTO_INCREMENT=2 DEFAULT CHARSET=utf8 COMMENT='管理员信息';

-- ----------------------------
-- Records of data_member
-- ----------------------------
INSERT INTO `data_member` VALUES ('1', 'admin', '21232f297a57a5a743894a0e4a801fc3', '系统管理员', '1', '2017-07-26 00:02:46', '2017-07-26 23:01:47');

-- ----------------------------
-- Table structure for data_order
-- ----------------------------
DROP TABLE IF EXISTS `data_order`;
CREATE TABLE `data_order` (
  `id` int(11) NOT NULL AUTO_INCREMENT,
  `user_id` int(11) DEFAULT NULL COMMENT '用户id',
  `order_no` varchar(255) DEFAULT NULL COMMENT '订单号',
  `payment_order_no` varchar(255) DEFAULT NULL COMMENT '支付中心的订单号',
  `pay_channel_id` int(11) DEFAULT NULL COMMENT '支付渠道id',
  `pay_channel` varchar(255) DEFAULT NULL COMMENT '支付渠道',
  `pay_channel_no` varchar(255) DEFAULT NULL COMMENT '支付渠道的订单号',
  `pay_money` decimal(11,2) DEFAULT NULL COMMENT '支付的金额(单位:元)',
  `product_id` int(11) DEFAULT NULL COMMENT '视频id',
  `product` varchar(255) DEFAULT NULL COMMENT '支付的产品',
  `pay_date` timestamp NULL DEFAULT NULL ON UPDATE CURRENT_TIMESTAMP COMMENT '支付完成时间',
  `note` text COMMENT '备注',
  `callback_note` text COMMENT '支付回调的所有信息',
  `status` tinyint(255) DEFAULT NULL COMMENT '用户状态 1:待支付 2：支付成功，3：支付失败 4：取消',
  `created` timestamp NULL DEFAULT NULL,
  `updated` timestamp NULL DEFAULT NULL ON UPDATE CURRENT_TIMESTAMP,
  PRIMARY KEY (`id`),
  KEY `index_passscoreusername` (`payment_order_no`) USING BTREE
) ENGINE=InnoDB AUTO_INCREMENT=3 DEFAULT CHARSET=utf8 COMMENT='用户信息';

-- ----------------------------
-- Records of data_order
-- ----------------------------
INSERT INTO `data_order` VALUES ('1', '13', '2018032698100535201', null, '1', '支付宝', null, '100.00', null, '中国钢铁行业无惧美国关税', '2018-03-26 23:18:46', null, null, '1', '2018-03-26 22:06:19', '2018-03-26 23:18:46');
INSERT INTO `data_order` VALUES ('2', '13', '2018032610110251705', null, '5', '微信', null, '120.00', '24', '司机高速上倒车遮挡号牌', null, null, null, '1', '2018-03-26 23:14:06', '2018-03-26 23:14:06');

-- ----------------------------
-- Table structure for data_position
-- ----------------------------
DROP TABLE IF EXISTS `data_position`;
CREATE TABLE `data_position` (
  `id` int(11) NOT NULL AUTO_INCREMENT,
  `code` varchar(255) DEFAULT NULL COMMENT '标识',
  `name` varchar(64) DEFAULT NULL COMMENT '名称',
  `status` tinyint(11) DEFAULT '0' COMMENT '状态 0：禁用 1：启用',
  `created` timestamp NULL DEFAULT NULL,
  `updated` timestamp NULL DEFAULT NULL ON UPDATE CURRENT_TIMESTAMP,
  PRIMARY KEY (`id`)
) ENGINE=InnoDB AUTO_INCREMENT=55 DEFAULT CHARSET=utf8 COMMENT='广告位';

-- ----------------------------
-- Records of data_position
-- ----------------------------
INSERT INTO `data_position` VALUES ('53', 'ads_home_hf', '首页横幅广告', '1', '2018-03-19 22:12:37', null);
INSERT INTO `data_position` VALUES ('54', 'ads_home_rf', '右侧广告', '1', '2018-03-19 22:22:25', null);

-- ----------------------------
-- Table structure for data_setting
-- ----------------------------
DROP TABLE IF EXISTS `data_setting`;
CREATE TABLE `data_setting` (
  `id` int(11) NOT NULL AUTO_INCREMENT,
  `item_key` varchar(64) DEFAULT NULL COMMENT '键名',
  `item_name` varchar(64) DEFAULT NULL COMMENT '名称',
  `item_value` mediumtext COMMENT '值',
  PRIMARY KEY (`id`)
) ENGINE=InnoDB AUTO_INCREMENT=2 DEFAULT CHARSET=utf8 COMMENT='基础设置';

-- ----------------------------
-- Records of data_setting
-- ----------------------------
INSERT INTO `data_setting` VALUES ('1', 'about', '律师介绍', '<p>律师介绍 律师介绍 律师介绍 律师介绍 律师<span style=\"font-family:Verdana,Geneva,sans-serif\">介绍 律师</span>介绍 律师介绍 律师介绍 律师介绍 律师介绍 律师介绍 律师介绍 律师介绍 律师介绍 律师介绍 律师介绍 律师介绍 <span style=\"font-family:FangSong_GB2312\">律师介绍</span> 律<span style=\"font-family:SimHei\">师介绍 </span><span style=\"font-family:Georgia,serif\">律师介绍</span> 律师介绍 <span style=\"font-family:SimHei\"><span style=\"font-size:26px\">律师介绍</span></span> 律师介绍 律师介绍 律师介绍 律师介绍 律师介绍 律师介绍 律师介绍 律师介绍 律师介绍 律师介绍 律师介绍 律师介绍 律师介绍 律师介绍 律师介绍 律师介绍 律师介绍 律师介绍 律师介绍 律师介绍 律师介绍 律师介绍 <span style=\"font-family:Microsoft YaHei\">律师介绍</span></p>\r\n');

-- ----------------------------
-- Table structure for data_user
-- ----------------------------
DROP TABLE IF EXISTS `data_user`;
CREATE TABLE `data_user` (
  `id` int(11) NOT NULL AUTO_INCREMENT,
  `email` varchar(256) DEFAULT NULL COMMENT '登录名',
  `pwd` varchar(255) DEFAULT NULL COMMENT '密码',
  `name` varchar(64) DEFAULT NULL COMMENT '昵称',
  `checkcode` varchar(255) DEFAULT NULL COMMENT '验证码',
  `status` tinyint(255) DEFAULT NULL COMMENT '用户状态 1:待激活  2：正常 3：停用 9：删除',
  `created` timestamp NULL DEFAULT NULL,
  `updated` timestamp NULL DEFAULT NULL ON UPDATE CURRENT_TIMESTAMP,
  PRIMARY KEY (`id`),
  KEY `index_passscoreusername` (`name`) USING BTREE
) ENGINE=InnoDB AUTO_INCREMENT=15 DEFAULT CHARSET=utf8 COMMENT='用户信息';

-- ----------------------------
-- Records of data_user
-- ----------------------------
INSERT INTO `data_user` VALUES ('13', 'hansen102030@126.com', '3fde6bb0541387e4ebdadf7c2ff31123', null, '1521298626', '2', '2018-03-17 22:56:48', '2018-03-18 09:18:01');
INSERT INTO `data_user` VALUES ('14', 'ab@a.com', '4297f44b13955235245b2497399d7a93', null, '1521900883', '1', '2018-03-24 22:14:43', '2018-03-24 22:14:43');

-- ----------------------------
-- Table structure for data_user_video
-- ----------------------------
DROP TABLE IF EXISTS `data_user_video`;
CREATE TABLE `data_user_video` (
  `id` int(11) NOT NULL AUTO_INCREMENT,
  `user_id` int(11) DEFAULT NULL COMMENT '登录名',
  `video_id` int(11) DEFAULT NULL COMMENT '密码',
  `created` timestamp NULL DEFAULT NULL,
  `updated` timestamp NULL DEFAULT NULL ON UPDATE CURRENT_TIMESTAMP,
  PRIMARY KEY (`id`)
) ENGINE=InnoDB AUTO_INCREMENT=2 DEFAULT CHARSET=utf8 COMMENT='用户购买的视屏信息';

-- ----------------------------
-- Records of data_user_video
-- ----------------------------
INSERT INTO `data_user_video` VALUES ('1', '13', '22', '2018-03-26 22:26:30', '2018-03-26 22:26:34');

-- ----------------------------
-- Table structure for data_video
-- ----------------------------
DROP TABLE IF EXISTS `data_video`;
CREATE TABLE `data_video` (
  `id` int(11) NOT NULL AUTO_INCREMENT,
  `title` varchar(255) DEFAULT NULL COMMENT '标题',
  `vimg` varchar(1024) DEFAULT NULL COMMENT '主图',
  `video_link` text COMMENT '视屏连接',
  `content` mediumtext COMMENT '演讲者内容',
  `orator` text COMMENT '演讲者',
  `category_id` int(11) DEFAULT NULL COMMENT '分类id',
  `public_date` date DEFAULT NULL COMMENT '发布时间',
  `keywords` varchar(255) DEFAULT NULL COMMENT '关键词',
  `summary` varchar(255) DEFAULT NULL COMMENT '简介',
  `price` decimal(11,2) DEFAULT '0.00' COMMENT '价格，单位元',
  `vlen` varchar(255) DEFAULT NULL COMMENT '时长',
  `des` varchar(255) DEFAULT NULL COMMENT '描述',
  `nums` int(11) DEFAULT '0' COMMENT '阅读量',
  `is_hot` tinyint(4) DEFAULT '1' COMMENT '是否是热门  1：否  2：是',
  `is_recommand` tinyint(4) DEFAULT '1' COMMENT '是否是推荐  1：否  2：是',
  `status` tinyint(4) DEFAULT '1' COMMENT '状态 1：可用 2：停用 9：删除',
  `created` timestamp NULL DEFAULT NULL,
  `updated` timestamp NULL DEFAULT NULL ON UPDATE CURRENT_TIMESTAMP,
  PRIMARY KEY (`id`)
) ENGINE=InnoDB AUTO_INCREMENT=28 DEFAULT CHARSET=utf8;

-- ----------------------------
-- Records of data_video
-- ----------------------------
INSERT INTO `data_video` VALUES ('22', '中国钢铁行业无惧美国关税', 'http://localhost/zcw/assets/uploads/imgs/20180401/5ac0cfd8b8bd4.jpg', '<embed src=\"https://imgcache.qq.com/tencentvideo_v1/playerv3/TPout.swf?max_age=86400&v=20161117&vid=m060968h6cw&auto=0\" allowFullScreen=\"true\" quality=\"high\"  align=\"middle\" allowScriptAccess=\"always\" type=\"application/x-shockwave-flash\" width=\"100%\" height=\"100%\"></embed>', '<p>演讲内容 演讲内容 演讲内容 演讲内容 演讲内容 演讲内容 演讲内容 演讲内容 演讲内容 演讲内容 演讲内容 演讲内容 演讲内容 演讲内容 演讲内容 演讲内容 演讲内容 演讲内容 演讲内容 演讲内容 演讲内容 演讲内容 演讲内容 演讲内容 演讲内容 演讲内容 演讲内容 演讲内容 演讲内容 演讲内容 演讲内容 演讲内容 演讲内容 演讲内容 演讲内容</p>\r\n', '<p>演讲者 演讲者 演讲者 演讲者 演讲者 演讲者 演讲者 演讲者 演讲者 演讲者 演讲者 演讲者 演讲者 演讲者 演讲者 演讲者 演讲者</p>\r\n', '16011', null, null, '对美国钢铁出口份额较少以及对新市场的开拓，使中国相对不受美国贸易行动的直接影响。', '100.00', '40', null, '0', '2', '2', '1', null, '2018-04-01 20:26:00');
INSERT INTO `data_video` VALUES ('23', '国务院总理李克强会见中外记者', 'http://localhost/zcw/assets/uploads/imgs/20180320/5ab11f9e9ad66.jpg', '<embed src=\"https://imgcache.qq.com/tencentvideo_v1/playerv3/TPout.swf?max_age=86400&v=20161117&vid=o00264whzj1&auto=0\" allowFullScreen=\"true\" quality=\"high\" width=\"480\" height=\"400\" align=\"middle\" allowScriptAccess=\"always\" type=\"application/x-shockwave-flash\"></embed>', '<p>演讲内容 演讲内容 演讲内容 演讲内容 演讲内容 演讲内容</p>\r\n', '<p>演讲者 演讲者 演讲者 演讲者 演讲者 演讲者 演讲者 演讲者</p>\r\n', '16015', null, null, '国务院总理李克强会见中外记者 四位新任副总理亮相', '50.00', '150', null, '0', '2', '2', '1', null, '2018-04-01 20:30:06');
INSERT INTO `data_video` VALUES ('24', '司机高速上倒车遮挡号牌', 'http://localhost/zcw/assets/uploads/imgs/20180320/5ab1201869c1d.jpg', '<embed src=\"https://imgcache.qq.com/tencentvideo_v1/playerv3/TPout.swf?max_age=86400&v=20161117&vid=g0026rmucqx&auto=0\" allowFullScreen=\"true\" quality=\"high\" width=\"480\" height=\"400\" align=\"middle\" allowScriptAccess=\"always\" type=\"application/x-shockwave-flash\"></embed>', '<p>司机高速上倒车遮挡号牌司机高速上倒车遮挡号牌司机高速上倒车遮挡号牌司机高速上倒车遮挡号牌司机高速上倒车遮挡号牌司机高速上倒车遮挡号牌司机高速上倒车遮挡号牌司机高速上倒车遮挡号牌司机高速上倒车遮挡号牌司机高速上倒车遮挡号牌司机高速上倒车遮挡号牌司机高速上倒车遮挡号牌司机高速上倒车遮挡号牌司机高速上倒车遮挡号牌司机高速上倒车遮挡号牌司机高速上倒车遮挡号牌司机高速上倒车遮挡号牌司机高速上倒车遮挡号牌司机高速上倒车遮挡号牌司机高速上倒车遮挡号牌</p>\r\n', '<p>司机高速上倒车遮挡号牌司机高速上倒车遮挡号牌司机高速上倒车遮挡号牌司机高速上倒车遮挡号牌司机高速上倒车遮挡号牌司机高速上倒车遮挡号牌司机高速上倒车遮挡号牌司机高速上倒车遮挡号牌司机高速上倒车遮挡号牌司机高速上倒车遮挡号牌</p>\r\n', '16015', null, null, '山东德州：司机高速上倒车遮挡号牌 一次性被扣30分', '120.00', '40', null, '0', '2', '2', '1', null, '2018-04-01 20:30:08');
INSERT INTO `data_video` VALUES ('25', '所完成的技术工作', 'http://localhost/zcw/assets/uploads/imgs/20180326/5ab904a807fe2.jpg', '<embed src=\"https://imgcache.qq.com/tencentvideo_v1/playerv3/TPout.swf?max_age=86400&v=20161117&vid=m060968h6cw&auto=0\" allowFullScreen=\"true\" quality=\"high\"  align=\"middle\" allowScriptAccess=\"always\" type=\"application/x-shockwave-flash\" width=\"100%\" height=\"100%\"></embed>\r\n', '<p>asdfasdfas</p>\r\n', '<p>asfadfas</p>\r\n', '16015', null, null, '所完成的技术工作所完成的技术工作', '1.00', '12', null, '0', '1', '1', '1', null, null);
INSERT INTO `data_video` VALUES ('26', '司机高速上1', 'http://localhost/zcw/assets/uploads/imgs/20180326/5ab904cb53ece.jpg', '<embed src=\"https://imgcache.qq.com/tencentvideo_v1/playerv3/TPout.swf?max_age=86400&v=20161117&vid=m060968h6cw&auto=0\" allowFullScreen=\"true\" quality=\"high\"  align=\"middle\" allowScriptAccess=\"always\" type=\"application/x-shockwave-flash\" width=\"100%\" height=\"100%\"></embed>\r\n', '<p>asdfasdf</p>\r\n', '<p>asdfasdfasf</p>\r\n', '16015', null, null, '司机高速上1司机高速上1司机高速上1', '2.00', '33', null, '0', '1', '1', '1', null, null);
INSERT INTO `data_video` VALUES ('27', '标题标题标题标题标题标题', 'http://localhost/zcw/assets/uploads/imgs/20180326/5ab904ed49a84.jpg', '<embed src=\"https://imgcache.qq.com/tencentvideo_v1/playerv3/TPout.swf?max_age=86400&v=20161117&vid=m060968h6cw&auto=0\" allowFullScreen=\"true\" quality=\"high\"  align=\"middle\" allowScriptAccess=\"always\" type=\"application/x-shockwave-flash\" width=\"100%\" height=\"100%\"></embed>\r\n', '<p>标题 标题 标题 标题 标题</p>\r\n', '<p>标题 标题 标题 标题 标题</p>\r\n', '16015', null, null, '123123', '2132.00', '13', null, '0', '1', '1', '1', null, null);

-- ----------------------------
-- Table structure for edm_category
-- ----------------------------
DROP TABLE IF EXISTS `edm_category`;
CREATE TABLE `edm_category` (
  `id` int(11) NOT NULL AUTO_INCREMENT,
  `name` varchar(255) DEFAULT NULL COMMENT '名称',
  PRIMARY KEY (`id`)
) ENGINE=MyISAM AUTO_INCREMENT=18 DEFAULT CHARSET=utf8;

-- ----------------------------
-- Records of edm_category
-- ----------------------------
INSERT INTO `edm_category` VALUES ('17', '测试');

-- ----------------------------
-- Table structure for edm_mails
-- ----------------------------
DROP TABLE IF EXISTS `edm_mails`;
CREATE TABLE `edm_mails` (
  `id` int(11) NOT NULL AUTO_INCREMENT,
  `send_from` varchar(255) DEFAULT NULL COMMENT '发送邮箱',
  `subject` varchar(255) DEFAULT NULL COMMENT '邮件标题',
  `content` mediumtext COMMENT '邮件内容',
  `send_num` int(11) DEFAULT '0' COMMENT '发送邮件数量',
  `send_s_num` int(11) DEFAULT '0' COMMENT '发送成功数量',
  `send_f_num` int(11) DEFAULT '0' COMMENT '发送失败数量',
  `status` tinyint(4) DEFAULT '1' COMMENT '状态 1：可用 2：停用 9：删除',
  PRIMARY KEY (`id`)
) ENGINE=MyISAM AUTO_INCREMENT=16 DEFAULT CHARSET=utf8;

-- ----------------------------
-- Records of edm_mails
-- ----------------------------

-- ----------------------------
-- Table structure for edm_send_history
-- ----------------------------
DROP TABLE IF EXISTS `edm_send_history`;
CREATE TABLE `edm_send_history` (
  `id` int(11) NOT NULL AUTO_INCREMENT,
  `mail_id` int(255) DEFAULT NULL COMMENT '名称',
  `category_id` int(11) DEFAULT '0' COMMENT '分类id',
  `user_id` int(11) DEFAULT NULL,
  `email_from` varchar(255) DEFAULT NULL COMMENT '发送邮箱',
  `email_to` varchar(255) DEFAULT NULL COMMENT '接收邮箱',
  `subject` varchar(255) DEFAULT NULL COMMENT '邮件标题',
  `content` mediumtext COMMENT '邮件内容',
  `message_id` varchar(255) DEFAULT '' COMMENT '发送的消息id',
  `message_status` varchar(255) DEFAULT '' COMMENT '邮件发送状态',
  `status` tinyint(4) DEFAULT NULL COMMENT '状态 1：待发送  2：已发送  3：发送失败  9：删除',
  `created` timestamp NULL DEFAULT NULL,
  `updated` timestamp NULL DEFAULT NULL ON UPDATE CURRENT_TIMESTAMP,
  PRIMARY KEY (`id`)
) ENGINE=InnoDB DEFAULT CHARSET=utf8;

-- ----------------------------
-- Records of edm_send_history
-- ----------------------------

-- ----------------------------
-- Table structure for edm_users
-- ----------------------------
DROP TABLE IF EXISTS `edm_users`;
CREATE TABLE `edm_users` (
  `id` int(11) NOT NULL AUTO_INCREMENT,
  `name` varchar(255) DEFAULT NULL COMMENT '名称',
  `email` varchar(255) DEFAULT NULL COMMENT '邮箱',
  `mail_type` varchar(255) DEFAULT NULL COMMENT '邮件类型',
  `send_num` int(11) DEFAULT '0' COMMENT '发送邮件数量',
  `send_s_num` int(11) DEFAULT '0' COMMENT '发送成功数量',
  `send_f_num` int(11) DEFAULT '0' COMMENT '发送失败数量',
  `status` tinyint(4) DEFAULT '1' COMMENT '状态 1:待验证 2：可用  3：停用 4：废弃 9：删除',
  `checknote` text COMMENT '验证错误原因',
  `created` timestamp NULL DEFAULT NULL,
  `updated` timestamp NULL DEFAULT NULL ON UPDATE CURRENT_TIMESTAMP,
  PRIMARY KEY (`id`),
  KEY `us` (`status`)
) ENGINE=InnoDB DEFAULT CHARSET=utf8;

-- ----------------------------
-- Records of edm_users
-- ----------------------------

-- ----------------------------
-- Table structure for pro_base
-- ----------------------------
DROP TABLE IF EXISTS `pro_base`;
CREATE TABLE `pro_base` (
  `id` int(11) NOT NULL AUTO_INCREMENT,
  `title` varchar(255) DEFAULT NULL,
  `zbf_name` varchar(255) DEFAULT NULL COMMENT '主办方名称',
  `zbf_linker` varchar(255) DEFAULT NULL COMMENT '主办联系人',
  `zbf_email` varchar(255) DEFAULT NULL COMMENT '主办邮箱',
  `zbf_tel` varchar(255) DEFAULT NULL COMMENT '主办电话',
  `vnum` int(11) DEFAULT NULL COMMENT '阅读量',
  PRIMARY KEY (`id`)
) ENGINE=MyISAM AUTO_INCREMENT=3 DEFAULT CHARSET=utf8;

-- ----------------------------
-- Records of pro_base
-- ----------------------------
INSERT INTO `pro_base` VALUES ('1', '测试项目12', '1112222', 'aaa333', 'bbb444', 'ccc555', '93');

-- ----------------------------
-- Table structure for pro_category
-- ----------------------------
DROP TABLE IF EXISTS `pro_category`;
CREATE TABLE `pro_category` (
  `id` int(11) NOT NULL AUTO_INCREMENT,
  `parent_id` int(11) DEFAULT '0' COMMENT '父级分类id',
  `name` varchar(64) DEFAULT NULL COMMENT '名称',
  `level` int(11) DEFAULT '1' COMMENT '级别',
  PRIMARY KEY (`id`),
  KEY `uc` (`parent_id`)
) ENGINE=InnoDB AUTO_INCREMENT=16021 DEFAULT CHARSET=utf8;

-- ----------------------------
-- Records of pro_category
-- ----------------------------
INSERT INTO `pro_category` VALUES ('16011', '0', '劳动法', '1');
INSERT INTO `pro_category` VALUES ('16015', '0', '经济法', '1');
INSERT INTO `pro_category` VALUES ('16019', '0', '婚姻法', '1');
INSERT INTO `pro_category` VALUES ('16020', '0', '测试', '1');

-- ----------------------------
-- Table structure for pro_order
-- ----------------------------
DROP TABLE IF EXISTS `pro_order`;
CREATE TABLE `pro_order` (
  `id` int(11) NOT NULL AUTO_INCREMENT,
  `order_no` varchar(255) DEFAULT '' COMMENT '订单号',
  `amount` decimal(64,0) DEFAULT NULL COMMENT '总金额',
  `payment` varchar(20) DEFAULT '' COMMENT '支付方式',
  `sex` varchar(255) DEFAULT NULL,
  `name` varchar(255) DEFAULT NULL,
  `mobile` varchar(255) DEFAULT NULL,
  `email` varchar(255) DEFAULT NULL,
  `invoice_flag` tinyint(4) DEFAULT '1' COMMENT '是否需要发票  1:否 2：是',
  `invoice_title` varchar(255) DEFAULT NULL COMMENT '公司名称',
  `invoice_no` varchar(255) DEFAULT NULL COMMENT '税号',
  `note` text COMMENT '备注',
  `status` tinyint(4) DEFAULT NULL COMMENT '状态  1：待支付  2：已支付  3：已取消  9；已删除',
  `created` timestamp NULL DEFAULT NULL,
  `updated` timestamp NULL DEFAULT NULL ON UPDATE CURRENT_TIMESTAMP,
  PRIMARY KEY (`id`),
  KEY `uc` (`order_no`)
) ENGINE=InnoDB AUTO_INCREMENT=5 DEFAULT CHARSET=utf8;

-- ----------------------------
-- Records of pro_order
-- ----------------------------
INSERT INTO `pro_order` VALUES ('1', '2018051397505398433', '1000', '微信', '男', 'a', '123', '11@a.com', '1', '', '', 'adfasdf', '1', '2018-05-13 11:12:58', '2018-05-13 11:12:58');
INSERT INTO `pro_order` VALUES ('2', '2018051356551005120', '1000', '转账', '男', 'ab', '123', 'hansen102032@123.com', '2', 'as', '1231233', 'asdfa', '1', '2018-05-13 11:17:28', '2018-05-13 11:17:28');
INSERT INTO `pro_order` VALUES ('3', '2018052049991014668', '1000', '微信', '女', 'ab', '123123123', 'aa@aa.com', '2', '123123', '123123', 'asdfasdfasdfasdfasdf', '1', '2018-05-20 20:46:57', '2018-05-20 20:46:57');
INSERT INTO `pro_order` VALUES ('4', '2018052097531001746', '1000', '微信', '女', 'ab', '123123123', 'aa@aa.com', '2', '123123', '123123', 'asdfasdfasdfasdfasdf', '1', '2018-05-20 20:47:22', '2018-05-20 20:47:22');

-- ----------------------------
-- Table structure for pro_order_detail
-- ----------------------------
DROP TABLE IF EXISTS `pro_order_detail`;
CREATE TABLE `pro_order_detail` (
  `id` int(11) NOT NULL AUTO_INCREMENT,
  `order_id` int(11) DEFAULT '0' COMMENT '订单ID',
  `project_id` int(64) DEFAULT '0' COMMENT '项目id',
  `area` varchar(255) DEFAULT '' COMMENT '选择区域',
  `pdate` varchar(255) DEFAULT NULL COMMENT '时间',
  PRIMARY KEY (`id`)
) ENGINE=InnoDB AUTO_INCREMENT=4 DEFAULT CHARSET=utf8;

-- ----------------------------
-- Records of pro_order_detail
-- ----------------------------
INSERT INTO `pro_order_detail` VALUES ('1', '1', '16023', '上海', '2018-05-15');
INSERT INTO `pro_order_detail` VALUES ('2', '2', '16023', '上海', '2018-05-15');
INSERT INTO `pro_order_detail` VALUES ('3', '4', '16023', '上海', '2018-05-15');

-- ----------------------------
-- Table structure for pro_project
-- ----------------------------
DROP TABLE IF EXISTS `pro_project`;
CREATE TABLE `pro_project` (
  `id` int(11) NOT NULL AUTO_INCREMENT,
  `category_id` int(11) DEFAULT '0' COMMENT '分类id',
  `title` varchar(255) DEFAULT NULL COMMENT '名称',
  `desc` text COMMENT '描述',
  `areas` varchar(255) DEFAULT NULL COMMENT '地区',
  `pdate` varchar(255) DEFAULT NULL COMMENT '日期',
  `price` varchar(20) DEFAULT NULL COMMENT '金额',
  `status` tinyint(4) DEFAULT NULL COMMENT '状态  1：上线  2：下线  9：删除',
  `created` timestamp NULL DEFAULT NULL,
  `updated` timestamp NULL DEFAULT NULL ON UPDATE CURRENT_TIMESTAMP,
  PRIMARY KEY (`id`),
  KEY `uc` (`category_id`)
) ENGINE=InnoDB AUTO_INCREMENT=16024 DEFAULT CHARSET=utf8;

-- ----------------------------
-- Records of pro_project
-- ----------------------------
INSERT INTO `pro_project` VALUES ('16023', '16011', '上海法律培训会', '<p>简介简介简介简介简介简介简介简介简介简介简介简介简介简介简介简介简介简介简介简介简介简介简介简介简介简介简介简介简介简介简介简介简介简介简介简介简介简介简介简介简介简介简介简介简介简介简介简介简介简介简介简介简介简介</p>\r\n', '上海', '2018-05-15', '1000.00', '1', null, null);
